f1,f2,f3,f4,f5,label
1.2862326416662861,15.643742795584117,-1.8799153177932975,-11.294839354413122,15.24547174504798,0
2.8533984774349164,0.12987807657892828,17.620669020238974,3.9452043792926887,8.157458838069537,1
3.2853100819020407,3.176560384507861,12.61055421906249,-6.063612617682138,1.8318867833716268,0
2.019515579956514,-1.9677926249136428,9.306435476990131,-0.9387135451691174,-1.2030376892539034,0
-2.326527215662919,3.453234009838875,13.855478014945176,-5.236421344244181,1.5472155194503596,0
-6.409691802784447,3.3022967763931916,9.066442652736098,-3.15040311319498,2.9622359646241354,0
-12.332573204190101,-15.045654989348948,-2.332938113060507,0.6145629987857533,9.719726473999318,1
0.09921787961652634,-13.62474027995093,2.663297667248056,1.5295447886928688,9.706726956195853,1
8.361613384760178,-5.174579867691014,-0.964535782642199,7.143101321563733,9.464951399761745,1
-5.441999858035601,-4.613042575714148,-0.5882532417347024,3.727104297948815,4.889594017624282,1
2.051807807601703,-0.8376137340237704,15.77565418960006,-0.14611231051041437,-2.08953666153828,0
-3.2791234878438558,-9.204185253013812,-0.9103547799677563,5.035453489292669,4.823060314150098,1
-3.873437204213518,4.042212595558471,4.305696602260786,11.62380643592898,8.822572739263435,1
2.4733469458970783,2.4919269839997686,2.104637767919268,12.759767580247017,2.4017051852460876,1
7.945066025325632,10.243125998587841,-1.0778536327997394,-11.72859428262963,11.027080323323856,0
2.9744869548581034,-9.421984787922158,17.723801206847266,-1.1461127449258717,2.408675656651351,1
-1.4948957568400811,-5.10275154242787,5.912391945737601,6.074303856035743,5.455614040799311,1
6.885726398325903,10.383732732716691,9.731451797747576,-3.5294610239792212,7.449338388865652,0
3.7395970735577393,-9.43602991980473,9.123210083350925,0.24074473930890752,3.095409741873387,1
8.866719975991458,5.183637657650662,5.218258774637759,-2.9764251392433017,5.335330249783041,0
-0.6540325705804808,13.38652853192525,-3.300504788786452,-6.435633830229087,13.66594975704811,0
-0.3897824687917162,1.922489911582883,11.053852226063531,-2.3903122458435453,1.0327994022347182,0
4.66273396006139,5.612292964349866,9.63982002331046,-2.837782239901287,4.208637189847708,0
-7.402513401149026,-13.740308154508487,-0.10144065501601116,1.6049748789837237,8.49848372409362,1
3.162574762215309,-6.5037174750789175,6.807307593427946,2.248699075416343,4.926350592935091,1
-9.05147146845593,-10.36800458085567,6.680526309966666,-5.417098738239874,7.602116322097551,1
9.825782783716448,0.6577929415077683,8.216948152727635,-4.784548860098423,1.0305540749570192,0
-1.5901593713387774,-11.826375315519119,-2.448770251866818,1.356932600028029,6.959648888578258,1
-6.826344958354512,-7.162276430467276,-1.0136960896008478,5.134680772171539,4.78000058929311,1
3.2048551748280465,0.7149717032616039,10.355574411929977,8.166705154672172,6.563909212183381,1
3.296824984081172,0.44004046299394095,10.269243188123943,4.384391803745368,3.993285844020626,1
-4.894188164251922,6.144470196428928,4.447808588545344,13.479665738732276,0.860875738312319,1
-1.5921440292768012,-14.516793531764767,5.581581595710775,-1.206719977576816,10.49477754389596,1
-10.68591903867633,5.383785409738421,8.700175080338097,-2.0600026793716877,4.496910478441772,0
8.133851806169243,-9.224521235893116,-0.9890458351802927,4.339053149547768,3.918490775190218,1
-7.568250561849212,5.220199084216468,-4.239476181819212,-2.05282065318036,8.440098508334756,0
0.2252299666943296,-7.970453562820888,6.841113593212813,-0.45523485927897056,8.713948448813072,1
-6.92006461471648,5.924476676902614,5.123163804510012,-3.471853034228085,5.970005440039526,0
1.0931038383267486,-4.1533809608911065,16.960590039361737,1.8087984388217566,1.7664201185966473,1
-5.838648392798164,10.765700232576556,3.6105996671659297,-5.692213416183178,9.862453625251248,0
-10.235780501277212,-9.332702042494594,4.862426405848232,1.906147397654237,5.1528651955401275,1
0.041863775341826545,0.005638438031982523,13.601529175249619,6.558254125130679,2.9952477803864195,1
7.439858397744128,-15.56288667845357,10.531877004970465,-1.8734064524560141,1.0195055184260244,0
-7.420641754540021,0.22316374723876112,10.231685599998992,-6.968739293690966,0.36735092274621306,0
-6.0799296813030566,4.443160838917672,5.736218191720502,-3.7209505411412187,4.488859806983544,0
-2.001706737044558,7.862840760317934,3.0891020041301456,-5.317295008693389,7.880853211764851,0
2.3576025465263104,12.188651528119296,10.413749510460393,16.32193821015044,2.6049588616031487,1
0.11726204593256621,-6.890489264804602,-2.0987321061350865,7.705319823283405,5.461518808727,1
6.606240778750121,-0.5047676398432814,6.3812959651942505,8.88328486951292,4.5691006868051645,1
3.732984230812156,-11.91052688917992,3.2520922178106657,-2.0647843788263325,3.7390495700093,1
-6.764595243780618,-16.11160901157921,7.369992184540894,-2.877233530650574,3.1818200482664953,1
0.9879147943054989,12.832860030432089,-5.419542986621078,-7.493642769902865,13.978548917211665,0
1.370833644748787,-8.048614506645018,1.939990876235718,5.154368412346873,-0.4519472026860698,1
5.502704361064206,5.628450833875782,11.040017080474477,9.922092223940428,5.606704438588319,1
-7.0983796376989705,3.0562372614487368,6.831088336885487,-0.9434546539119508,3.1336658828740855,0
-8.029211539370745,-5.200510916254931,10.26501692272572,3.7928814092225998,2.3093590260041292,1
5.111690889024403,-7.644351601282615,-1.3108957265378778,10.306581740863567,5.569747824277219,1
6.825181331968961,1.5969903243011037,9.929461860953625,-3.3432151520619153,1.3720960519028185,0
1.8700419445324319,5.695539070236934,5.111101616111526,0.906770493014702,5.717643332370326,0
-3.1595933850172253,5.803396542680154,13.189624401474802,-4.6172488640911356,3.3962033463262604,0
1.7873811850902528,1.4282184826264248,8.914310906065506,-4.2716215237378865,1.7172546997859324,0
4.610879388493358,-1.2332601156171168,14.007249516977062,2.0053621126669356,-2.0633393579831876,0
1.684246923751903,-1.0311861008274619,11.713448643313297,-8.7695695467407,-0.7789740836956498,0
-8.35868724791849,-3.6161026012415904,4.1518478626394115,10.85994173947997,0.11798952183999581,1
0.02345041395876199,8.292121425255466,6.46803255147233,-0.3149446611203842,7.037849044863364,0
-1.4861298666006895,-10.497148985238816,4.907511158121094,2.4586378587999986,4.393201224931515,1
9.119039702445356,-2.0439188944182325,13.777824770622058,2.5175530992849477,7.2083916129889385,1
0.3501332217161695,10.470488510047284,-2.361498817084948,-6.327303752614876,11.394585852554952,0
-0.16492533594333308,7.699671119033058,-0.9195354645913527,-3.6654416350197887,9.020584051613005,0
3.0041022642731265,0.17215078062918512,8.272005117589377,-2.5526814231048696,0.8519138452085768,0
4.403248533553113,3.720896665798585,-2.2800124381846327,-5.9978973345504745,6.617113198916925,0
9.955499041615054,5.479507717025682,3.1750208142291063,-7.936652208005595,6.40288627423172,0
4.489883428525576,4.364551377866428,3.2424581987995165,-4.74941507021087,5.103656525915642,0
8.341556312257772,-3.23781629036001,5.989448531230016,7.55896450841192,3.122837124115842,1
7.571645929298851,-5.643844290839931,4.105823065237887,3.3302957211525257,7.059971639853889,1
1.7038693568583416,2.4988412659596335,0.544686840869988,-4.16927608061387,4.811391258320386,0
-4.812961583078669,-5.6910901124197855,7.785822774604946,5.4856441950008445,5.708033313144288,1
-5.333167200587514,-4.9118166255871,5.8767039672267485,4.034183361313787,9.38295760116872,1
6.867439410523368,-2.8335624119575336,10.159257819337151,1.5759147283744972,7.8197071991962215,1
-4.647117487343887,-1.4121750234852548,8.673968624936819,6.03141540939928,11.663294006397093,1
-1.971338946349226,-10.4965518223684,10.803994534490384,-4.613412594392264,5.5206698041821545,1
13.1365628647717,-0.6088923651120763,2.520286409062787,10.260426699364174,3.931780897643413,1
11.789176733938525,-8.84994736759859,8.65234647846411,0.49288964729367457,4.562270385769413,1
4.803157859837435,3.0750436526919818,9.961030981385964,-9.121575305063878,2.3782226294801045,0
1.986749115226894,-3.4981369688294146,13.46787226725133,1.6707431562547521,9.098323162080051,1
-1.1762443334575197,6.095232835134045,5.8979614417723525,-6.981124156191188,5.774216691152263,0
5.9084670044678065,-13.844171547301352,4.968382058328267,-2.230049884277075,3.4464291313801203,1
-1.101544278834369,12.60893701855591,5.9829900997583385,-7.919370264439815,10.550415832315629,0
2.0872603446946143,5.636074527563116,2.3885918456137807,-3.9634543883805478,6.600443875997667,0
-2.7184142203686417,10.743069251944178,2.8132960338186983,-2.926611178636847,9.81191519725838,0
0.3435457914273453,-1.0449855465464901,3.3651227430982322,5.274706042221659,10.647021994221479,1
4.733819778490376,-4.912455530990701,-1.294507822835616,12.496862087399105,2.1980863724910042,1
-1.8223578193542949,-3.3132126452574933,8.77060521315797,5.576519640953171,4.705232321748137,1
0.6100710168830904,8.116836358370161,-0.863962835722794,-7.114947144193367,9.347659187027674,0
4.348836113133692,0.3784479661701863,17.6605978485329,1.7183246100120702,-2.0169499513034155,0
-5.898736427680589,3.125461928024979,16.184455531514857,-3.9771850596093064,0.4799020682488704,0
4.832298331459771,3.96070551191505,8.36833762094031,-2.089760254285143,3.5943891335995732,0
7.5915378441321915,8.955436413380474,-6.966770564604669,-6.804595250017975,11.724497476538655,0
1.729442582112448,-0.3840614822524595,10.299148074465442,-2.8918649114014556,-0.2340412099495552,0
-2.1154785503420035,-0.5884148566618834,3.1149644431865022,9.32948213784886,7.222707979340103,1
-6.733857254406273,-9.133450865766191,8.37631360513141,-0.6607679430051665,9.10963884738061,1
-9.351434173976097,5.9868836146500435,6.994496140243408,-5.08355255503941,5.402814977814607,0
-9.169563660752987,0.1097432258689697,10.716676061061001,9.500133186531393,4.100728551486109,1
2.431024744974959,7.344818801480928,-2.9469655344712935,-9.128362517597475,9.425407696656528,0
5.012088007543251,3.554546110820332,15.001553753035473,-12.23514476574569,1.4604483626706855,0
9.363667811076436,-3.539102020195548,10.623679074873337,7.880016319771155,-2.4205640659539633,1
-6.977319382728323,8.347814332541592,2.1742701472960535,-9.011169413228062,8.585695478739455,0
12.047345683174228,5.90280750521617,-2.379453840391608,-0.1267660976464828,8.031992359097162,0
-2.486247883998018,2.579854298876738,9.696107906652992,-0.8945352630586244,1.9807687799020028,0
0.9849276842055725,2.669755776054639,0.9336500381408831,11.102166796785927,3.9871457079623833,1
-0.7535380225563372,-9.759778969727616,8.687792756295352,2.181828158623061,2.6278230573365633,1
-10.387613227160589,-3.9469825498503104,2.358737023359052,10.758055982095094,-1.2328310133110314,1
-0.3356334553704876,-4.95232740512458,10.720578441847607,4.105019165205734,-3.037883813172684,1
-0.23681902418231482,-0.2891544008939233,8.301793011430048,8.193611242465868,7.572211675327015,1
-2.53167616079783,-2.232871114221788,6.347542730928655,8.741079272865313,5.583537390904036,1
-3.0650249178940174,5.770781667459275,-1.5970457575399326,-8.653146107313962,7.981933513722844,0
8.449317578356043,2.6962963960215887,12.42683994781731,12.59232847239627,3.2646466259384392,1
3.0349336633562105,0.9802228130510194,7.175281111344969,-1.4658631830040476,1.8294714704074493,0
0.5713523073776343,-4.206201329307731,6.265130976327654,6.543202266527565,5.746994573773774,1
-4.431512189202284,4.220060364320238,7.707011475288892,-2.6021567244242645,3.8013212148738256,0
9.91360416405501,-6.783917178455246,15.619509935703409,-1.943534318539542,4.068797937339921,1
11.300864648942264,3.2587454356522767,5.03203671645474,-6.764804677881742,4.139474037367158,0
9.119597436735718,2.399461215779177,9.343680941698413,-1.8778129989286412,2.1861565609576687,0
0.017252621217323863,-8.170303480901476,9.544512875175492,-0.8400868535038002,7.269354626331529,1
-16.877003479653073,-1.303840652700189,14.302078156460903,3.812920211404216,5.383284324932019,1
2.4010459317973583,6.0888293789120285,0.5516258483563481,-9.698647143609056,7.500628475056979,0
0.040699359654121844,-7.9930413651348555,-3.769010925270076,6.892378065981343,6.181853014384634,1
-0.8885968744904692,-7.661469220392112,8.582173581937603,-1.1188378405004566,5.5158988088242875,1
2.923897217248973,4.459675673721093,6.1155952794328545,-1.7833921711884089,4.552636952431574,0
-6.011688120084032,5.321302229837082,8.870406436265927,-6.467467161225615,4.630945475572382,0
0.09144748640772887,8.828080888159578,2.6925582828824264,-4.222027960784483,8.483740610907109,0
-1.1136455787043689,12.914227351374784,2.2262447980343483,-8.57710072636505,11.9038473148216,0
-7.516603350505225,-3.465534749737052,21.368863302895583,-4.0045290867547765,-5.547658070448318,0
-3.668705556693792,0.14332707981412188,6.242724420343486,11.333528808633748,0.631239450861389,1
0.43823267481161376,-16.725881591398412,2.646441634960807,-4.461528749061275,11.378423169900255,1
4.769382433177345,-5.327972449362035,8.059626599719309,1.212256650151687,11.206382152390535,1
0.9506308030263175,-3.4700406683689984,4.666217419708266,5.43364315493573,-0.3447436699196009,1
4.530039382712767,5.392061138945121,17.180476559603488,-2.8048293155876673,1.961060685543687,0
-6.861516289213957,-5.765895658443294,2.6863237433939324,4.028702891752685,8.738629046987477,1
6.389158707172728,-7.250636997351455,6.898809064799031,1.5944879663624345,10.539359727592675,1
-4.420172829731971,5.163576184721786,2.767016039410138,-2.4303144727199695,5.976878983018659,0
-7.157114607020043,-0.5436362938043275,4.7119899733778245,-4.406692570183599,1.4157237219414416,0
1.5934746802095572,0.34648746037935063,2.329306037412453,-8.11100853283758,3.04081838829776,0
-0.5916863970385094,6.960089258884782,6.4022979541133775,-2.1036596881639342,6.179406705425214,0
6.3711905186479605,-8.735048300704824,-5.625881017579477,6.182869114228423,9.10330543124089,1
6.6812514036299735,-4.254368316554077,9.376588655972482,-4.093898036341393,-2.7122778979745905,0
-4.99140895672128,9.180707835399108,-1.079668959436743,-6.006599107485714,10.188534019800723,0
-5.365017132919547,8.318186701307015,-2.707847827104968,-5.650001988702376,9.946023201953578,0
-1.6172087049307233,-7.0516178067864255,-1.1398609503539086,4.681112268999409,8.12263300825602,1
-0.3611973232127992,-4.615384922496691,4.699191748762201,2.3811771777743713,-0.8150168655426631,1
2.860797023661283,12.085888643710863,-2.7985257389393063,-6.409817721862369,12.690897132196417,0
-5.974172163467525,9.612537012300367,9.056833214168321,8.384888692095075,12.186542118992872,1
-0.7816294749964665,1.3586201159463314,9.61981775276599,-6.044913435899593,1.3854090324050055,0
4.432496085362123,-15.220540534343094,1.473038134029367,-2.1384045519963206,7.587196699670567,1
1.4070066580745644,4.5599029350513005,10.58279913870632,11.417691899230327,5.310663622760584,1
1.7542536236992108,-2.026577456606452,8.81848925548753,5.164272366499648,1.0046318709398352,1
1.854448515736934,-9.872182970891982,14.86942281262529,-0.7786631818685057,-0.08534901794956792,1
0.5516677906391085,4.8677073172464445,11.701645309717865,12.118163714076513,4.734679180957321,1
-0.744593278444798,8.91796540859631,-7.589018302269359,-5.2595166055503935,12.061509751479036,0
-9.490779890132302,-2.5638207014539933,6.4870837017846394,5.785580004601455,5.1428056050684114,1
5.810161204174853,-8.509508046280535,4.657971912095487,2.919499408680288,4.292514441948565,1
0.030963309600840344,5.05598070449903,16.279345803233362,-2.5335165199262772,1.9003876832518352,0
6.494405142165446,5.667747158601225,4.790064597955046,-1.3504231169288388,5.744252803273082,0
-5.221080461779469,-4.094185530467538,9.258101712202532,1.61824602903347,7.271022322051859,1
4.918355258558665,-3.146860865032761,7.382986360509138,6.522851705533828,8.611218174316269,1
-1.9459444484119852,9.771389085354201,8.317192743196006,-8.18998720092667,7.577620844698018,0
2.3135489799327438,-9.906884398884987,7.164025266857468,-0.7909043407074505,6.97840344410387,1
-1.543825405811159,14.04423092978692,-0.4202450985439281,-9.864518460652702,13.445382499922978,0
4.259198598464614,-7.540241454152186,-1.310780692954327,7.460104187342786,6.614500852246268,1
-1.4830714842427932,-0.8752305333215042,14.16209088228004,2.5237279359600513,-1.7566042648851217,0
-1.6660192151215143,-5.392814382095801,6.498468108095895,3.6492159133566626,7.51626140590796,1
1.552021246346702,7.666421250476505,-2.565834011933796,-4.500634886002698,9.538854375123607,0
1.3359475398724039,1.8961711659180431,15.611438756536053,-1.2337918529997391,-0.23814701117792755,0
4.543263749329318,1.7345186761721931,15.51113585819797,-10.953585962699906,-0.01049977269996713,0
-8.529401382989871,5.309225179942445,6.202257655656985,-6.663435594302349,5.157586960499257,0
1.9771414847196889,-2.242407119750733,8.21801685353461,4.320696677579691,3.031868257338906,1
3.8454943153213224,8.473586071322428,-9.18896589881231,-5.097640985847869,11.983871558408328,0
5.853404734634166,8.971489244188557,9.447494580202399,-5.34760831428053,6.8838828535196654,0
-6.227366124160346,4.815806133011306,5.042783091276241,13.356498847784305,7.924573327950838,1
-6.7078843042857885,6.754515389990797,10.622667395296796,-8.60591531503774,4.8876281690721415,0
6.21723664344084,-10.199893583184274,-0.016820491205989246,4.758078409641829,5.363765285091562,1
-7.403171270072568,-1.0111300022979002,19.238814983594143,0.11570667422079642,-3.3352229487956415,0
7.153434390819468,7.699571422923624,0.1936009429251491,-2.2610030714767677,8.672984111606299,0
-5.153918766687562,-9.307779750239959,0.024218815069063232,5.153723422933991,-3.9870495631531218,1
-2.992142908520865,1.4851266964944272,3.101122709542991,3.729876882349958,3.1575852650519347,0
11.71339048106612,-3.977965927673944,-0.17325081096336056,8.044086245287057,5.338080664218417,1
-2.972321065011169,2.794759382774994,7.4849329611341675,-2.8973231808570326,2.987261347563315,0
-2.4792783103011558,14.778688756196788,0.9319866291882829,-11.713496967112405,13.58115048329112,0
1.8651094033995541,4.096344646954933,11.606952086802142,12.487587995372074,2.0818784257834126,1
0.6609984335940222,-7.17201048860985,7.994053930837661,-2.565807119500249,7.625404829396924,1
0.3176826140990832,5.159953340063691,4.983593207638846,0.9701255756501765,5.370796446383208,0
-11.60450386932126,-0.75175819568692,6.493157591874964,4.144931696699148,5.9430941040121965,1
2.648949070274546,4.312056343846803,11.53889824597014,-4.522664257777885,3.1647721059394214,0
5.787852196634918,0.4428962618801531,13.650288048132015,0.14174704835309762,-0.5625949832647685,0
8.786497462168894,3.215621383065314,1.5999011637268323,-4.548137087180023,5.111947443183995,0
-6.979538648119641,4.519854255245412,4.559068656033918,1.8638964100415971,4.749511967592815,0
-1.9974155852125235,-6.31490422256237,1.998250846923693,9.056444016332216,-0.43998147220429873,1
0.5934102440272484,5.764252732561868,4.814884511073727,-3.7712712793835172,5.752316683428321,0
3.302207604578948,-2.0145483276541936,17.725783064215882,1.1679478088275637,-3.7406819232003867,0
6.458203830742892,-0.4384076697040211,7.459843085552123,6.423076670316048,5.58357338135605,1
6.86875091772141,-1.474474739617485,-2.795569829346955,17.388464250491886,4.461341698932489,1
1.4022308575524078,5.886876805608761,-1.1166954292097246,-0.8166421848731563,7.800717425259435,0
-6.569737363169326,2.961429505442694,11.03634274442597,12.096240973101782,1.224271505514572,1
-0.9691425163003857,-5.3476445510298465,-1.362778133876092,8.739977658672183,10.146241034903786,1
9.775574130726277,8.01274109743484,0.5085721075485157,-7.374933453378042,8.597612947421469,0
3.348436514208462,-6.207448101908712,10.072708914465426,5.823461230526066,2.217158093323837,1
-1.484200525522198,9.33706636833267,-3.6406943323434375,-7.413753951660729,11.01879540427549,0
-1.0721179658079556,13.011836455292352,7.336465315203785,-10.233464428587505,10.411486849018443,0
-4.056875749486784,4.5375066862329145,3.5026598602435395,14.398274234186285,8.106025559264241,1
3.8100354267789887,-8.395597471435053,-0.44865863763904046,5.770259459191846,7.497077209538345,1
8.443420672282812,-4.1367630177411545,10.109930872451132,2.112843267452409,11.192938627012222,1
6.59056980698206,-5.263189579955453,-0.3579890532912149,5.367467579332349,8.357011861480254,1
-10.112088191790118,1.9640066984052078,8.571232005563582,5.724525075758063,8.101974660808178,1
-0.7591837917719675,-0.9207203283285819,5.093461828839691,7.97246994413624,1.134226721582265,1
2.00489602034461,2.8440973787408437,11.679726466579552,-4.760107542462834,1.731061668206328,0
6.828519993094187,2.2170098571730805,5.463535536547007,-1.0948810548707109,3.207697041631637,0
2.2066107675559583,-9.083387276750559,11.10894196630923,-1.071857334862825,3.7056621485832504,1
10.982354375028383,-2.1411649241680335,13.162268495890237,0.4568844888913044,-2.448219371278924,0
6.7709673985399474,5.092278807375736,-7.1001782018700705,17.051223989157446,3.4605182975590134,1
-7.159565431267183,-8.166712355435292,4.05269015379374,9.073734975228797,0.3747361567438863,1
-6.237302293619198,0.14883452524310184,6.728333696954907,-3.4238512308917723,1.5206793780067673,0
-1.3669209352567906,6.9348912105825615,8.81635813559479,-5.295050250160899,5.687723946787041,0
2.269521412030931,2.6623027972593,12.246617484114601,10.542313308848732,1.2683921413081256,1
2.8727477613571444,7.316787893355018,9.452113848259362,-7.210881815815311,5.623367824708109,0
-0.43254274192872755,-9.821506129826634,7.952321197937804,0.5368298706433917,2.779808993796667,1
-0.2132861150470343,-9.06106305089997,3.4867401018210096,4.2457393640601895,6.112416381003367,1
6.544832905333303,-2.166103191797926,15.771425962304455,2.742266088994558,6.1478154872654915,1
4.574125054292714,-8.259812780955826,-0.12069617261386709,5.897740649163685,4.895308313573662,1
-2.5787549583238905,4.843589802648986,12.376406129544383,8.370215070005047,9.088276178494363,1
-2.341322195689215,0.8612392824747573,10.387050181154223,-0.9007740540800406,0.6237704762937375,0
-8.87139786229953,-0.10014319077338227,7.165001831950272,-2.424108253394733,0.8437041019574327,0
4.06502965698711,-11.188519571706976,-6.39083755931847,5.46836502330472,5.382862401001052,1
1.6967242255358725,2.1580021710118973,6.447890242536385,10.67644763676178,0.06772461118962861,1
-0.49322100672103175,-3.566023545789034,6.263512131094153,6.57181824336221,9.364032361637467,1
0.4894068922197371,3.808144037414899,8.882322039154129,-5.084304065096292,3.0711250525699008,0
2.3349439964936995,8.136972872740014,8.440124625756523,-2.318953717941562,6.5480769536216314,0
6.2939246062711,3.8794668201775395,4.709918718281319,-3.3558647323714204,4.69732479313199,0
1.3247587012593227,-3.1823971334291246,5.618617679588644,5.943288678460568,1.9699942900245182,1
-2.5612018576799405,-0.27854644934345907,8.656354081315122,4.545111000694828,11.254333426738576,1
-4.646099046140418,1.8726265867091412,3.3522139166376292,0.39935440957919355,3.3948199993038557,0
4.7103142065759105,-2.317332731974084,7.227596019676296,7.363844519280276,5.280336709597088,0
3.1970284591025173,-7.992417968412958,9.529477508868007,0.9286307685828389,7.870157430979669,1
-1.7179323023586464,5.24346507815501,5.512745713433393,-4.387646342289892,5.316405553333,0
-2.120793836080786,-2.849337880729597,2.591841555313666,9.635836761915247,1.8029980343562961,1
-1.08688900688261,16.207124893255898,-3.37851004473172,-6.6335725939794905,15.844110288815576,0
5.205502819120273,1.3041473211110022,11.522777018257042,-2.870101725630079,0.700150616666831,0
-3.0994217826282204,-9.741381833988342,7.689107404769453,1.6889246498185355,6.452946968615704,1
1.079723508581005,-3.070204656087962,10.465599063339807,0.43607285619084124,-2.3384986117923794,0
-3.7015528319635522,2.765688942792131,2.9554238353272586,0.0207751373088301,4.166373886671144,0
-1.0206782145186557,-13.12231742067867,2.3337804656297263,-1.4056137882693793,9.549586273323099,1
-0.767135235121486,-3.696726080966219,11.825880906714394,1.7460603523300673,-3.1060708286754095,0
-1.8614594655132477,-16.245358249849048,-5.76917229498129,0.021881133712837314,9.430533124798094,1
3.850222140773643,8.508841482437584,7.970877822043176,-2.8863241941431657,6.855931740125117,0
-6.010594132978726,-2.197356011646126,7.411877780735421,-0.6946443389803829,-0.4079460708724507,0
2.4553838412462126,3.537527163015974,-1.6347342425566107,3.228067561581362,6.116306534473058,0
3.381366482481492,0.835800990698103,8.868327118631589,9.471917707339781,3.399210548516602,1
1.7513220955187987,1.4088604819574497,13.085447994562466,-3.0710908626454687,0.5713460542455857,0
-1.5142664735872036,-3.146605509474813,6.686253406395797,0.8209999775159067,-1.2787954215088266,0
5.401669561542025,6.437271359923134,8.61491168783038,10.02448799728159,6.645131851724578,1
-0.8115819485733954,-7.397247020415133,17.571074716284556,-5.358707804582103,7.212344991206679,1
2.920806847439974,10.34645810944728,0.4126938762757888,-6.331094830615857,10.3503591487493,0
-0.5501179720125783,10.019162935936063,-1.6857636732523011,-5.908904688397225,10.827723144990282,0
0.5737879701684425,-4.248448552174674,9.26965553244798,6.414558728266096,0.8947936650026662,1
1.1301445711236686,-2.036167598704481,10.704731738383789,4.555776015711889,-0.09262579376794242,1
-0.3190799384379342,-2.4866119194290786,12.78040389411963,-2.2106440229202433,-2.3625710376385616,0
-3.7251490826767246,-4.4676794283656305,13.081254440267038,-1.1159257451695008,-3.933371332223558,0
-1.172935757700405,-0.2804477623384126,11.698913186219041,5.951069537943168,7.294493388199648,1
9.26146175803362,-8.002851055936995,6.755566788128419,2.635805534520731,7.641221131114734,1
4.791319566347266,5.913631573841633,11.577393446958586,-2.736823252090945,4.028034169005258,0
-6.787833042148279,7.865618093700435,-2.8789353118940246,-5.260059836215748,9.534407534225961,0
-5.759118216612857,2.4633673649690864,8.671456293797773,-2.4735258426819264,2.427255268283618,0
-1.444759670741651,-2.3723914967904265,20.613225897875587,-3.3769326286644845,-4.7215676667505795,0
-8.746297775435734,-10.803378291633855,1.718261503206573,2.7552477481845883,0.7797559540518285,1
-8.472954974901072,-7.86075047404956,11.30820205028951,3.0573695565593417,-0.3366123981013507,1
-2.4971551145359534,-14.472149724864439,0.2297021768785952,0.49578621163741743,12.492570668446776,1
-9.982481665127906,-6.997957124956057,9.903023207809031,4.5984976456902995,2.028551384174305,1
-7.6445996338371325,-6.329874278248246,10.367711153019956,2.5691090096179887,-4.418646156703095,0
-2.350488760392833,11.399352407141883,-3.9958521298635112,-4.676801227707463,12.578829625380259,0
5.2811596115857204,2.7957215823859567,7.315447790633327,0.25310062695328606,2.686820488471967,0
-6.774927029490789,5.806738080778311,-0.043061658135568476,-5.974520660264522,7.363302352322848,0
-4.101496325583641,10.296235497064266,3.8677024480682047,-8.519604312184377,9.606970135947613,0
8.652833412959174,7.001205138872173,-2.467844530016399,-6.272649695050275,9.12775316411414,0
1.0796084806039505,2.344333792298307,11.590595499652146,-3.1622742976282048,1.4591345005243217,0
5.264034497089471,1.978679332741757,9.386119499546473,10.546305586023333,3.92835472624903,1
3.675936622779788,-5.922830066100247,2.2980715241143845,4.097298209921292,8.155058413914754,1
1.748701893343334,4.248054695892043,-0.18627637951439888,-3.177148887877883,6.265147922262547,0
-4.9432703298078735,9.966682349323762,0.46479097694577653,-4.694508296086139,10.178901140105843,0
1.0012543580294784,2.1414411025667683,9.87652207935545,8.932834282567706,3.819877527367934,1
2.9629752984674274,-1.9692767291563984,9.757787442430136,4.409294187179734,5.8297252638112385,1
5.0890761808725,-0.3603738552742701,14.331891298239709,10.523602584669467,5.573496592056292,1
7.453610382740932,-2.7279247097408184,2.3759022775006766,8.461343714244494,5.228303891602842,1
2.2992684167192126,0.8112133466952383,12.801652142328239,-1.504777638607984,-0.1947662395055376,0
1.1869689803130614,4.455160055203989,-2.4657313934511853,-0.747486133482838,7.251530108488757,0
2.9238424159593817,-10.585337080215231,3.821609562970954,1.6946081351603386,1.269189909733952,1
0.08967295864751111,8.417097976194853,-8.298832428220205,-5.408715749774682,11.541916972882376,0
4.8029168276894225,6.783419237315416,9.805967450925925,-4.087827898616839,5.276015172979606,0
5.917875236247464,-9.569071739672445,7.612009961058202,-0.48148766851944735,3.6501122579074123,1
9.754548718023488,0.954024944060466,10.900409969058702,9.651835560966832,8.636671294290846,1
1.590080377518606,-2.4943830473454036,14.183363635737498,-1.9057449478198678,9.248871363886177,1
-1.4953490699848944,-3.128572827553184,3.48104612929233,9.565317724055841,3.106116633691221,1
5.011195504139505,2.025518398806752,5.017406744909049,8.778130744146942,10.607366988089023,1
1.2600381154206786,-4.327788268941914,1.4287901998646264,3.360135408199143,7.922030203071907,1
-2.505776936375712,-4.765717241686989,11.081842968416302,-0.4645753984842387,8.926297174422377,1
0.9744711859870161,-2.1399252564671127,12.124313470912902,2.7290425997495085,7.733692449341309,1
-3.1357086792361577,-0.029086251481362096,5.434372891701994,11.91485476070776,3.2064835449587297,1
2.6522011787089914,3.0710794735800944,3.963785514619423,9.757135033955812,8.368839652139725,1
-1.7878910390369112,1.688772245668602,5.163963712990709,-0.07830662594795465,2.8005792204328173,0
-2.048451301740912,8.267306625454609,-3.4283421907688134,-4.819609452272048,10.037057281440093,0
7.369236602348916,2.848254181300302,5.346123534401363,-3.5605193196098144,3.6407115934081307,0
1.3789543558935136,-4.539386782448818,14.191459322010031,1.6455643915364926,3.5629557032904198,1
4.760343089309026,3.5945127428876784,10.549947677816387,11.294191252847689,9.141050402920442,1
-0.026830504637275487,0.996665433031408,-1.6539897295256396,11.514200726731843,9.736763494242389,1
12.207754645896337,-5.046903368065662,22.095162031718107,0.4556578963771958,3.1969174740580164,1
-6.151901735623856,7.234222362576466,8.600476709133616,-4.825137304813406,5.869528133350618,0
-11.542056182731265,17.70838188684251,0.7308756933950995,-7.849056119319493,15.828288831399696,0
8.117746558518487,-2.557539794252202,10.053316989641623,8.10048570994805,8.86464583641221,1
3.715171145056446,2.4108319871873887,1.6751319083880067,-6.25833317317948,4.558790260192477,0
10.671047891432908,5.700864280178701,10.629004098800108,-6.270681463055961,4.071879051687381,0
5.188348159955489,8.238802366974776,4.726968776277286,-3.3953586356806116,7.831561779334086,0
-8.679162281567802,6.623802002388652,-2.958080079208953,-2.6148244140249894,8.857433949889263,0
-1.1757615093588156,-5.046898172145626,7.940407281068513,8.237362146973268,5.8785215556079695,1
10.949781647878476,10.18736254047143,-0.4698043623437913,-4.000294435117192,10.674421423665116,0
6.562971730313621,4.766313271418182,0.9266839566080383,16.202562348020624,2.8084778288625283,1
0.5429617682879516,-0.4533890828024394,2.070600916626868,-4.649324142812426,2.1930897119023864,0
-10.01887625079039,-4.814033557606343,7.209437326053784,9.639374784909617,6.293847210240821,1
0.6247007090999039,3.408954334895215,8.573003909140146,15.256240502190748,-3.230165716562448,1
2.4265661487836625,7.545596759036675,3.202866306932997,-8.191560881555201,7.724432226062802,0
-3.770407724760445,11.2337740313803,4.466472130735564,-5.73923070450896,10.031890456304073,0
-3.2023836855398176,-2.450924848825302,2.9174920948574163,7.734209740111925,5.131998094550298,1
5.644234097525825,-4.330739225952238,-1.0138638223949474,9.86532254331686,4.311095629046889,1
4.339810219749043,-5.5558655222785305,6.748532295442095,1.4794171425720442,5.884045469420619,1
3.9426046172970124,0.0026532585442919088,5.173606940148977,7.212942970814486,1.8128676198443356,1
-3.0972853356812546,-3.08754286786681,2.5354690004842526,5.7354834971793744,7.413777786390946,1
4.819589325065757,8.4730729328202,4.811537774130958,-1.0638887058148054,7.724209381437769,0
-2.788582684062128,2.784124911784975,5.231011120443352,11.686817880443758,6.417749542617971,1
11.660031457786983,-4.794377901237413,7.192222069116829,4.331084198789638,8.341003927380386,1
-4.423381816689722,7.1575337957558824,7.933751688314528,-3.796896934945106,5.709889680590834,0
0.6790181656022171,-16.115479776180198,6.422265947230647,-1.1237136687801634,8.339265786500707,1
-3.779959219721335,6.616793172778603,-1.3472444639423324,-3.7227508117713533,8.433463119512034,0
4.633145602299628,-0.5991638801715786,6.414506627826926,0.07625544358770955,0.7917597518022041,0
-4.180140650731484,2.9153399175340007,-2.0417051173591623,-1.29763274862222,5.974384931443344,0
-3.3102675992368793,-2.6333311545161413,9.54076881984453,5.6872092326340535,5.3550053431387,1
0.8809925587607468,2.685817062119726,9.208155848170527,-4.537462218979858,2.530069885524144,0
4.162497096814147,0.743198731053742,-2.4385124340927082,15.028100194317185,3.2863297191039758,1
3.8689101574762566,3.0695756527641,-0.49815542247775335,13.196493415389421,4.449696277560796,1
0.9106415368100194,1.4516094241691575,9.428434122907216,8.48020924993125,7.867068611894064,1
-1.0095343209748777,8.212122695630015,6.740054034749989,-5.554612513632816,6.969251453432584,0
0.8359719968379011,11.234969921836734,-3.0613977526132135,-6.374358229270607,12.388395750953205,0
9.45621605601112,5.595166653805441,2.2183800562118243,-8.340942524870682,6.32011458534663,0
5.860191029346441,11.037851185415011,7.900580825308518,-7.058581511912461,8.575668939149788,0
-1.3950851471590808,-4.330157304272499,2.6336133970674953,5.757030076125399,7.816121080820211,1
13.039380910652017,15.89439828874061,3.4831875273507245,-10.497405498773633,13.42900164201049,0
-0.6938029362660116,1.174054381721484,9.09454624132673,-3.2075574234928355,1.1451902472506432,0
-5.864135041870647,-5.7628594835519875,13.214659066865169,0.6973029149873684,-4.870827530279643,0
-1.9710750992842478,6.825703606739815,7.0662688152025,14.564122796564833,3.410102285992596,1
-5.845288553104916,11.029270900642361,5.616706056502646,-5.2802556530327704,9.150222049590797,0
-4.67292318654936,0.5865526139057438,16.370864412671693,3.707252950081873,0.45441002162782196,1
3.6853577245023477,3.583267828832015,2.1062858959866304,11.23064784042491,5.690621160735461,1
0.5323506572052844,-4.5301771641798965,3.534562198485321,5.309047125046372,5.211059905074017,1
0.9100742636582898,4.724524099647537,16.09701282834622,-4.808945787517508,1.7522762644423162,0
6.797925248892373,0.5184758318024658,6.972691472819368,6.420253381549923,4.382009100127196,1
-0.4432610533018033,-6.240315129310414,4.6104000595802095,0.6464078490518694,-0.20685224570752767,1
2.8644991693377713,2.1296767592777472,16.132760674183547,-2.320603977984494,-0.2927960354250341,0
-8.305224458096122,10.34992058394476,-4.739771506570823,-2.922925244088988,12.06004468702833,0
0.9241347115421397,0.632200446815709,1.7968813018177392,10.157550646610417,8.76753871416079,1
4.611633797283997,-2.913028115315977,3.7828765508121514,3.8794411827713255,8.959808154946336,1
-5.507670387752054,6.8883938524283455,12.236698251807745,-5.166377469637842,4.415375043401867,0
-5.082157743393056,2.2045845562187423,3.4446906420025574,8.0131121252717,8.416038114097823,1
-6.085463222271249,-2.8652356323255153,4.5457223277983525,8.53378903929632,5.1529317976998925,1
4.148493243325956,-6.107318702323765,6.922352065976361,5.020256446800064,9.296300880378187,1
-5.501026736148573,11.156695739674493,-5.54761511801204,-3.5144542697137666,12.85366684979435,0
-5.81350562090911,-7.217088138513397,-3.1248696379566883,10.211554758045738,11.730417491289312,1
5.706176837506504,-0.8569274711534929,8.016536892804481,-4.4734672627752365,0.3250942147996212,0
-5.435339260539992,7.011180021555321,7.195760286683824,-2.6519970357511142,5.968986281213907,0
4.820265071832669,-2.657562330843055,5.648559449813107,5.113062932901733,9.924649649890398,1
-4.736986996860459,-4.66589474131036,12.298825548426848,2.5842142784501294,-0.16873057748619177,1
5.448215076562159,-0.43677968884053664,8.868692104798232,1.1910294311174547,6.9748716345019,1
4.000141668816475,-1.550143375925071,2.7052713350586255,6.38190445684404,5.69442998273086,1
-6.115315365822157,-1.8243066588516936,9.859848384454931,1.9687915439076749,-1.3223846296332846,0
7.187721003719085,11.064808862800387,-0.009790012310070678,-6.776563834072516,11.268217112669163,0
1.6219207923589525,-3.4768808795341446,16.173205905480334,-0.2853703568677983,9.518027456891739,1
-1.5425349242462287,8.098833717888422,14.049701435617195,-3.1111469490008012,4.799701044584787,0
-3.9763538891935832,8.7663037913609,-0.283579154245615,-8.62810509336899,9.702390834393562,0
1.208628178539431,-10.160085459584039,-9.430900628206496,8.401430273948318,5.3098777532959085,1
-1.1985932560164871,5.51549387367041,0.03822341416462163,17.16574488259251,7.9253740529413585,1
-0.9813600915323119,4.421305983371763,4.724128351125904,10.91201787185817,6.409220199791347,1
0.9250828158524269,-6.732349505796086,-0.8819571003901343,8.614221853857236,3.291848562566286,1
3.0523047281230986,-14.43191304763823,2.5298632278087574,-1.1109150854841559,9.75536776179893,1
-1.9043319552894533,-16.436790374056937,-4.742998578448241,7.1108769007651516,5.648233335151085,1
1.1319168185031423,6.867706563204408,-3.9107961080486193,-4.044004853577095,9.193221200402865,0
-5.826599594727192,1.4700068123832506,6.57367583251128,13.66958532763723,4.293633610542369,1
-0.7410894581600213,12.063687176847473,1.458280513517467,-1.980547796363089,11.339996942588144,0
0.11761400246373017,-14.464384507251534,8.827608665345414,-6.221847642729035,9.122021715586152,1
-4.866155083098756,2.1314891856831397,13.137889458958776,-0.013454525987009885,0.7669444421147149,0
-5.200857496443087,5.1943298286293675,4.76906711325726,0.08479027164218458,5.401869204957351,0
-12.21229517178238,-1.750056802261804,12.775266666153485,-0.9740271469910415,-1.6453010700742294,0
9.937400299584931,8.579724832883484,4.820931402072445,-5.541476008969534,7.823924388673381,0
-1.523785475898582,8.462499318955437,5.844835892770321,0.6426093924612548,7.365876246086875,0
10.427307364761154,-8.559593265910818,1.9673670931603988,2.163089508037534,5.548168337530937,1
-1.4612284035038443,5.2477639408536305,4.817519863184735,-3.520416343273476,5.482435604176958,0
3.1849693760708715,6.773313007728284,0.9966812626212774,-7.803276637748463,7.678132351794076,0
6.193507528902399,-6.034041858998577,8.44921980313128,0.5432635114025071,5.540333129197538,1
-2.2337691992077655,-10.495276472070126,11.023663137305991,0.10365835860987674,7.997096457624622,1
-5.935506463348533,-2.0120693051350216,9.280185731173008,0.8038474685364745,9.208121924290293,1
-9.222769678873126,-9.463329064580542,4.859195225903849,5.009760466011852,-2.303866784841771,1
11.163432065440677,9.441508063780578,10.838967108162272,-6.423377005751095,6.801180576504674,0
5.11353009028372,-3.1582964201344894,4.065604495489103,3.8431737813456763,5.831958267167022,1
-4.55782907702735,-9.128178772468992,9.840092867421898,4.267655353024386,-1.8526204321302768,1
-3.5991860849748174,-5.555729367652633,0.8788668324554734,5.834312653814463,7.708947527332233,1
-4.814073149981028,4.347387280824288,6.737012207910315,12.732956122327714,6.889287779251044,1
5.909036552244071,-0.623856855438114,0.559769895059017,8.289210892807926,12.786653467355292,1
-3.9536754474237865,-9.57792682682628,10.149922814255646,1.7685550878283514,7.8958998146132675,1
3.0277614885910302,-0.7656269996429437,5.20109061114542,-4.336451220253949,0.9826659220683421,0
-0.16488049043135874,-3.707889454662828,1.8432097592693424,9.109972485394291,-1.0918322420540698,1
-7.2951515454536935,11.483326976947964,-2.380506453883409,-9.251628415182982,12.228228372951262,0
-5.7120262419846,-2.874002332351596,3.9048636106251244,3.691199678594791,7.565616704658855,1
-4.768899942662362,8.528659016526912,-4.954856713074805,-5.672389606828082,10.851817897653453,0
5.494501394143857,10.469229266951379,-1.1689871865209227,-8.725874459027773,11.157789592565079,0
-4.504517174041024,-0.41459236014596657,5.858008001529047,8.873258776413737,7.530215307752313,1
1.1189937861953045,-0.42873002211939615,3.087013683274969,8.236370736441017,9.720828087719093,1
-0.5596644043720118,1.565373533920122,19.775798687412145,6.022642063607457,7.262170382187571,1
-0.11376652278935057,12.57945693165645,2.4974060890254384,-11.132670065320973,11.477151132684778,0
12.225272186318904,5.270683879137039,3.9893834375871884,-4.291611577651356,5.933894895949676,0
-1.593483913211951,-14.744595047054856,10.164425881004867,-5.150524394057028,2.6574901268721463,1
8.68403163137516,6.173351078267046,5.6507394508219395,11.794131162611478,8.365260500645604,1
7.484570901519502,-3.3691735946938417,3.076689612563888,7.2119163196097595,13.821857639069332,1
-3.1407427031973363,10.059200444954586,3.9341983285498614,-8.091283182817325,9.435261276749982,0
-4.37776216022355,-0.3468463149842931,7.919129533874646,7.185434596079274,7.347703591648605,1
-7.825418917991768,8.619425582868443,0.23196253640510547,-4.047463271183588,9.18966418673054,0
-2.841130446474268,2.260637109673744,5.292099550693078,11.309394353100773,0.29305437681878166,1
-3.2281058900170905,-3.518605031405987,9.624542289584372,3.6480496067648764,3.196997473184821,1
2.5289344371600393,2.4565403424453365,0.2010885040303119,11.789889044031394,6.4453798010519865,1
2.997322057803837,-1.8264387963971762,6.760577970552491,6.032148641344421,6.468263617643714,1
-0.868187501918994,6.761886455271706,3.005580185670584,-1.3531403310372285,7.0753571969513605,0
2.759138880484577,-1.2930233430875409,10.724003430328624,1.8972313278175363,6.647944626633064,1
0.5362950296419168,-4.17536344486795,8.302651135174388,4.699618292330546,0.13802327263992734,1
5.993650119439425,-4.726180067298393,7.925000333403176,4.204438234769784,6.271804732064323,1
-0.9278728595124542,10.468141560306812,1.094541699511203,-3.3702713304550223,10.559784620832385,0
-4.595727131638892,-1.8188660506567027,6.194380263547739,-0.9358172014667636,-0.125365891743187,0
1.1349863689971853,-2.5579122879346143,16.35075443689099,2.5819367466408476,-3.7982061843804886,0
-1.463523019747897,-0.5569137408393825,1.489796647032719,12.198537223576626,1.7949337683882494,1
0.45749607488737737,8.396591431856935,10.173094560449751,-8.354028131177103,6.407292803020147,0
-2.998393762281058,2.5775361349775854,8.968400764398016,7.849838858852403,3.0267639354421343,1
7.0295154256774515,7.379689135355583,12.675449633174175,-0.4995721262049906,4.607199860230067,0
1.0709532253347338,-9.361128525509244,5.949523561161934,2.7536344171921994,7.5929986025326555,1
-3.1712402106319093,5.4599700402116715,1.673764074943524,-5.7429954690240805,6.5373781374395,0
2.577019121734555,10.61749686074281,-1.582276637298044,-5.185043238617665,11.332276021057721,0
4.751359569513051,-4.434089092951995,1.4139702219000165,6.141597746604636,0.9127403346326808,1
-4.6330828659787775,8.974121379255983,13.477595454041074,12.31200832856812,3.6485828554520454,1
-4.118996901395061,11.522099621712876,-2.751325071443627,-7.373435511318077,12.391667150892005,0
-3.467936152917128,4.307926788571409,13.372735960135868,-3.4228502382529316,2.138922898745008,0
-7.6709023968116625,10.288442624777183,12.965590782521945,-3.1134506327297657,6.4153741462333365,0
-4.048049380168183,0.5703844435040346,13.56603286468328,-0.8113031391132512,-0.4509286417872398,0
-8.689397024372257,-13.78120682013604,15.300334834881387,-5.982488339149525,11.318235427580843,1
5.405988532143903,6.517404130127543,-1.853763158845248,-1.1036118785752007,8.42633278518613,0
0.5057806936572399,2.04780948205378,-7.329606243005548,-3.3428859691846524,7.015494563161604,0
-5.007678202164271,-3.8120741927445216,4.711682768319248,2.667823778227199,9.060137962524085,1
4.50617637767453,-10.484043971926742,9.257893849824839,1.380296854509525,7.352162469979162,1
-0.1048251699625543,6.80268942857416,3.1122846739998633,-4.005697615139923,7.277873950138208,0
-0.4794458373505779,13.957588462721498,-12.247150913815137,-6.485834488913563,16.781401947432343,0
10.201244028249636,2.9275049899444356,4.914430701940102,7.503475681452871,8.054580888824,1
1.0842488017839125,-5.803606444058608,-0.4740330598338054,11.04147387603799,3.1760168685730634,1
-1.7858549983829124,-11.345014659468259,5.784974044756029,-1.6258347534247126,4.600701563949871,1
7.806646812047221,-1.5484434195588896,14.319070979384342,4.76673293952173,0.5240843350042302,1
4.037069264509865,4.7985396597460355,6.749124009594625,-7.283965346339602,4.843263819019964,0
6.3065688203323935,11.678359851746546,0.6055551499948815,-9.313860297163082,11.630084038336017,0
-6.990171661943958,12.782730867895411,-6.069370681228527,-5.425680790214807,14.004019161856558,0
14.818049222864788,1.7534915609483988,-0.9623931807204749,13.243245716553307,8.864853892799577,1
-10.600285308193708,7.9052087014690535,-4.840956980754597,-7.645829485596572,10.523660402098088,0
2.4707835174545267,6.430886471400628,-0.28730943618522065,-2.3012745183621126,8.05903380905649,0
6.327694893288469,-1.8412897130323358,2.8519427162176925,13.787677964878366,1.2304677035429608,1
2.1618799571883143,-4.812320158026831,8.757349024174488,2.096656046196161,8.665204815555558,1
1.2302554929530116,-8.441217840705098,1.4037239742775376,3.2933934080424794,9.536773731779073,1
4.992740980191176,-3.5027695860951273,12.67664770156707,-1.440360997282066,-3.0926136126895503,0
-2.863778099717575,-10.937332899480632,5.262104739300554,3.4641033207155516,5.471621635050573,1
-0.5053951327812983,1.714896272993915,7.287009959470952,-4.293466052778015,2.031649278753825,0
1.5712756462629702,-9.697625068719882,9.702738034616406,-0.21841834856331663,3.4087260472815233,1
0.4030368125916092,2.52994752960167,6.269291980086315,9.059561788184508,9.520038059970364,1
0.646096973927237,-8.739409475638807,9.067349467864698,-3.1786576419460695,5.094270239215448,1
-5.814704737904193,4.69481021982247,13.839954524151905,-2.224239772393787,2.495302889890949,0
8.099800145287093,8.133789399399157,-1.7218611388037557,-0.044207350745053414,9.417927349422117,0
6.638099676856824,-8.604480117741968,1.8533415884981679,3.7770697803301765,5.4837341067697825,1
9.13665247168198,12.148248758403621,-2.9962995561974277,-7.654416881427041,12.558084785640842,0
-1.471959999283341,1.6441386069325366,13.027314946685882,-3.0942127188728663,0.2688986853144244,0
4.801630142434743,-2.7179108121780033,11.913053897343195,5.097325338480361,10.082949793064168,1
-0.10938670053883291,-4.275656729825163,3.8827520112961347,8.11506263634598,9.541267592742653,1
-9.882378563881684,2.6075059630318846,11.04305619909579,-4.558061739108296,1.8323730256296444,0
-2.199443434887887,0.3133929123305491,1.7727245480221876,13.939223688624098,0.519593840167082,1
-2.64040462575562,1.663191053532724,9.878243789584172,-4.223889064590811,1.3250259932922144,0
13.622669275435788,0.47863883222766757,2.3927778292863264,15.968013313726415,5.346154216159881,1
-6.146865593645387,-1.9559846835788135,9.847290997675854,1.625964874077543,-1.6055078662185323,0
0.9864124296499127,14.338502354757042,-0.12269172865263009,-13.320196438539396,13.690182923178147,0
-3.0510093986137665,-2.773617398384412,-0.2839103056016594,2.679073209718334,7.224615785462478,1
-1.2255782340805814,-3.0444969949199456,12.245561749571847,-0.8383984109672703,-2.5549316426446094,0
2.9149368401011744,2.752538903147654,-1.5862004578361795,-3.547690909290329,5.7784077045858995,0
4.227234637693796,-4.411175090127361,2.038387786415337,9.038643699149183,2.5321852755309187,1
2.617773498177346,7.150787814301594,3.811587528080409,-3.7831475210115846,7.153904341987158,0
-2.6237702887618033,-6.590250936356512,-3.720088517244948,5.917448774001154,8.763236825150521,1
-4.235681574812532,-5.867532809324471,4.355389340964419,2.523029944691259,7.370839195876954,1
-1.5327745477772918,3.939458334308348,12.561852746188695,-6.055761814356813,2.4327436753160376,0
4.728186448407267,2.673202760382007,2.8647224694841134,-1.6171927871436986,4.195507720902681,0
-7.452378410581664,0.9856851373608811,8.814719365399638,-5.035057289428186,1.6820940282103898,0
-1.8712958273946767,3.141601632859292,11.907258266752855,-2.4951236315185032,1.8653497638526506,0
11.133296217036023,-17.02878751711198,5.221965145955067,-4.010335936510836,0.9737531006334861,1
-7.036163864007053,-2.711533803771307,16.56810686324038,-1.7074205563452094,-3.579968880926872,0
-8.36289511432704,1.274687605897777,10.529543656049649,9.757067446644168,11.522672927582793,1
12.502409369857963,2.1228121544132343,5.817904741495332,5.89611481657651,10.15362372503068,1
-0.1110983153633039,14.365549630133154,0.2489416839974641,-6.075048520690691,13.431579731251986,0
4.211017330941569,8.203588026631985,-8.08213014472739,-6.154892907593479,11.498125297697086,0
-0.8912190575177216,2.705438908716281,14.317953749325893,-7.118175711182577,0.7819736675644496,0
-3.941519796028035,5.736228613315006,6.1986027928162635,-2.0373633182110473,5.435666048148708,0
-1.100015409326706,7.418197307363666,3.728213508286826,-3.3275620122909344,7.099842141181365,0
3.6199598074039327,1.6453008024961062,11.607577555175423,7.349063970789689,5.095415762116673,1
1.2968307490526356,8.2864464615125,2.388016682099918,-3.3813200291377155,8.354042153568619,0
-2.7746431130486204,-1.6103708691200431,1.5421557906397014,11.575520701937162,1.6798270429665547,1
-2.1760760613201953,4.863746272947179,-2.221879449062883,-4.013413838159603,7.275427040220156,1
3.385914876589688,6.024861534428155,3.8042915817102436,-4.046325512222183,6.390320488764958,0
4.118200871960582,6.140060161564494,2.9036672007739,-7.247898025027907,6.919078812257667,0
2.5878292049399594,8.594651915780705,0.9639786222479031,-6.848527080354475,9.038808211091807,0
8.042818841181663,3.9176410407205857,-3.0143903888558405,-7.850810063292659,6.954897572190727,0
2.0773925323684765,4.094445305005537,5.38016787279722,-3.785674807035457,4.7103055068421975,0
7.478655269051763,-5.496001282905993,4.74245777702824,7.669796237283062,2.3034259297227666,1
-1.3132411224209128,-3.9889649417264468,10.863549867500922,4.3990508489709175,6.971458927804635,1
4.401097730712545,10.947455410074134,0.41378281767438807,-6.119292268286795,11.011952371664197,0
12.2553196393297,-16.329859019772293,9.936261805055695,-5.0865839812339715,4.625553735013078,1
-1.4143940411989764,-2.707299436911455,11.820678513355087,-3.1867193747725646,-2.1948994406422244,0
1.8943178880207974,3.543863838506553,17.120653702980906,-4.487870666329862,0.8555891502715608,0
2.51087453503918,-11.502022753350012,-2.934133721143692,5.724207538108982,4.757565839339267,1
4.169524163887351,-12.899447652446113,0.5381552306658323,2.7827048168337534,11.444368067617637,1
-1.7828122364958516,-4.86368170461834,17.831950502899243,-2.4542517576111895,6.707994145941082,1
-3.783277767558275,-1.561723154539063,10.988399837973105,7.300127267267297,0.752600580920328,1
-4.976630992739974,-2.042657174302529,6.164791965889558,10.799648432317356,3.3757026876263514,1
-10.36907765125899,-4.85346584219165,10.884598033090036,0.3029813980081182,-3.613476675645468,0
-15.29618087413592,1.1095940429131808,7.372220408450701,-0.8009322259756695,1.7565930428979475,0
-7.175695650586251,-1.314306299185421,3.8360428005771747,1.904117163087367,1.0780016533169192,0
-7.918224515441961,-0.8193326263073379,0.7776313670310621,11.137858956038727,6.69426904461027,1
-2.8464669189339,1.452390970166018,7.474283950223648,-3.84129819479003,1.936248832170907,0
-0.2907300053621589,-12.228706366132236,13.915437579760548,-2.460939244904021,9.266437369704532,1
6.71755209936146,-3.322708789903928,7.636452779188333,2.8066998438800135,5.2789663862695635,1
0.836239472727896,-0.8460766470035834,5.036808164739019,8.47610840761799,5.347940967675622,1
2.6857193278809803,0.2654054834422577,13.630478901186168,-2.866485025472929,-0.8191445803318724,0
5.478643645136524,-0.6111160990959301,6.088315427696492,2.0247362232619155,0.761639097747044,0
1.5449995666297216,-8.777008912779324,0.38217251222157533,5.227539238327063,-2.9717253846024954,1
-1.2908324508761755,-5.1551953936768875,6.090916262425219,-1.7413565271290943,-2.412717001871372,0
-0.8445472853805956,-4.601179730169974,3.643890904318432,7.049122479762539,4.711106298639851,1
-2.3297354514901913,-10.787972408071182,4.1930676245952885,-2.025905743315686,4.0483668587425745,1
6.5998211607854795,-2.8839279048923845,6.590756157908593,7.103817134243847,12.32723402906142,1
6.56303853068871,-3.1838012878820865,8.713958100116075,5.484639462157615,5.035922989792715,1
-2.2039316079561235,1.7954328445380114,9.132290635502393,14.77859796204201,9.121637904581245,1
-3.9573934567918596,-3.8221547787641343,0.02530330075917811,8.84054310648451,5.8193781124189305,1
-3.6911644725502386,5.861373544952976,7.3764761519482605,-6.7267824152542826,5.161006193086045,0
-0.11202830782573184,-6.546472698888906,2.2828923179977245,6.418714303465292,3.537846778458564,1
6.086171384654161,-3.163821629134169,-3.016816670986216,10.849752571688335,9.886466614880904,1
-8.84174068519889,-4.331387161346379,10.284767536574975,5.220283343037818,2.7173815859958568,1
-3.504253819069692,6.468562743595314,10.903360261530848,-0.21703230411558014,4.662063016492308,0
2.195418815295771,4.142703535531454,6.64271896447416,-1.4188286311157476,4.016384172139294,0
-3.036760328349909,7.272875247494226,-4.72342670971927,-1.8838028728788743,9.720434553330035,0
6.781956654186958,-9.76963151270973,8.119728706585054,0.10747487624703969,6.2130154197944165,1
7.878567272148908,-1.268926849553253,-2.4600626762434947,15.031277298443209,8.85780993836936,1
0.889118170229267,3.7600978538553043,14.564941370917223,-4.091767370276229,1.5906580216733897,0
0.7400319628685565,7.387513289482623,6.24925465114635,-11.18682520445555,6.739952783466125,0
-6.400613269593708,-16.977914511718787,9.161530997664343,-8.006927580654574,6.609354398795032,1
1.438954884215284,8.125696405690446,12.141763988181445,-6.650010244891567,5.4461364021445435,0
4.3259415227230855,-5.114679871336413,13.482391472847935,-1.6641842794480084,-4.330360866787959,0
8.569879375904518,1.664368601036064,-2.217985989362427,16.716020320095886,5.711954180435884,1
-1.5496190369530356,5.6820407798094035,2.7560425675807734,-4.1771640511996635,6.233185145270879,0
-4.363088790202857,-5.46240363460147,8.984326299560957,0.7077416730052339,5.252874232389923,1
0.41086258996643915,-2.790226541989665,6.2069964558892305,-0.6798490434835246,-0.6164699758164198,0
6.176000496288399,-6.334065404351641,10.585768166890588,1.5740159664252429,10.522542709732663,1
1.5314908049725133,5.686667350100998,-3.5925664985804855,-4.787073422117803,8.388372324900644,0
-2.4000673657904077,3.509404827719979,1.8673056335041376,14.382820468594579,6.555041347580314,1
4.546123634023458,6.198163881078186,4.787979404906065,-5.603008440382629,6.114629763509001,0
-5.9538997568552645,-14.938245881645544,9.83336572530387,-6.1646941802149735,6.794477867793115,1
-7.361615621704329,-11.9373731997593,-1.9462268620228702,1.6287265477308859,11.260060429205543,1
4.299456647001468,3.614181499124272,9.765357937972606,-4.861017330690157,3.2299895863295873,0
-4.393518734342948,9.354404206838558,-0.8524075474100083,-8.418432031163043,10.270078039270505,0
-3.2834320939533423,7.921961306511598,12.588694715494817,-2.673427505835411,4.926287207715424,0
1.8878902951975085,-0.5109189002422408,-0.8538949823155244,12.248018217524589,4.490497798964485,1
-1.913306037931986,-1.856073073357201,9.591101915201861,5.205538522419337,6.061998300341706,1
-6.539377492458617,-1.7804772173839605,3.427797377232417,6.620020497334385,1.9179964075978466,1
-0.9012294066635014,0.41445948449623304,5.870876490254591,13.869283520213596,3.725590692439158,1
-1.476318650464949,-7.674023875905011,3.0501782465430316,2.8607035162483885,8.01925491952072,1
-3.763473583248925,3.687468035262635,-3.31507202288251,-0.8719787190118821,6.688440555935119,0
-3.6509810457724527,-4.544917543865502,6.535623371072003,6.632062470216571,8.07214464376701,1
-5.982661101626713,-6.163542821846098,5.653609988935085,6.935372166893164,3.975270108015046,1
6.814521820848382,-6.621250541332282,13.65802957146183,-4.443886683369472,8.022910347877792,1
3.495304664430195,5.306683575063352,4.653756573781725,-4.839479660110198,5.649149999003629,0
-7.43972337232353,-9.117570626752968,10.03146155845549,-2.5197210577050293,7.064402769467739,1
2.7373820614213247,1.3165611433371698,8.372804144448828,-2.2829380346792716,1.8643502771191662,0
-3.514351056867965,-1.4068258987229354,-0.4213012867111825,10.31586359434809,12.193867728921852,1
-1.4788772596850042,4.568222876428021,2.327845138191255,-1.8400430536492973,5.595826430014751,0
-3.199590137782403,4.182645325391879,11.18829396168284,-2.0356295655203374,2.775974345244574,0
1.1772289017547208,0.7553609975073362,8.687279583104651,-5.688983207926189,1.2451959179158603,0
1.4879437829756592,-13.050794492293123,2.719062725800532,2.1955697321496075,1.2293279334740783,1
-6.264866679121928,-2.802406669132185,3.0272402984308977,10.26901442795748,7.113491125838845,1
-1.305250636714355,12.236635121366774,2.269776273589107,-9.78351545232657,11.24485325495378,0
-0.04153847673660539,11.453394275735121,-2.991342752721671,-6.314946694521561,12.450355160216457,0
-4.966884330670334,9.043587884710877,0.34018482839370434,-3.351976394326069,9.4961097154917,0
5.672018019212025,3.837814102037866,11.91738088164737,9.966231802886057,11.386747970741077,1
-4.535458941240684,6.004906694060006,15.227073819285572,-5.1572173034762,2.781376316812394,0
-3.6019168813777735,1.9145466297976172,13.11042750784928,4.564890118308245,5.859542953889639,1
1.955601955346999,1.1184542252240066,8.266668225647543,8.907307556471903,7.325334794392782,1
-1.1286900432435678,1.8928496698370552,9.135180684679993,0.15182913898525177,1.7370783611096885,0
-3.5765441849115205,9.756044267808234,7.397354870824698,-6.592983791052188,8.013526249444972,0
1.7963454279526103,6.6845543139554495,-0.43569334280204086,-5.554008576703964,8.237131474381425,0
8.030769373715493,14.88738427615697,-2.2572015813438178,-7.677469152534801,14.52023468417031,0
3.066299295961036,4.423374855660833,9.72283905618993,-5.392623568851684,3.6269776507091684,0
0.09246568194051716,-5.478685182575966,8.661583406996444,9.629257827635872,-5.083571270015135,1
-5.488641790877157,3.5940056792131307,13.347707130846839,-0.5523598294764097,1.9048022266955007,0
1.3230328156273774,-3.864528197832829,0.46964924235921757,9.838589565933676,1.1607252376370376,1
-6.859972043045644,-15.663306948776833,-0.5834339129800941,0.6188414150900619,0.25812525134336806,1
-2.5826353238526205,3.312698520368267,14.05920041202709,-6.396006390756295,1.5422532435937941,0
1.2703535974967521,-13.148787312749377,3.140222651183628,-1.691663912995947,8.342927601147483,1
6.197586885742785,-5.614960824498024,3.6644602074227324,7.45354272288135,3.6424082906363635,1
-1.4978340134469292,7.801951552582269,1.7403243468735448,-11.27095935313384,8.390869127537513,0
-2.389410578597233,6.83164489310311,9.131657978941854,-7.237835590666278,5.310960765560504,0
1.2846635308149124,6.8968154460267,11.805958673844557,-1.922668856512943,4.68561877860619,0
6.238482385642837,2.504387209937038,-1.340600122281805,-4.326751070892226,5.661784312914371,1
-2.6421830174707104,-8.2432561835316,-2.183206060549792,4.967083238669662,4.344671278003625,1
-1.8282574161818244,-2.4236335897049295,23.126627587868317,-5.087597188611756,-5.435234447559692,0
1.0970647189113352,3.7882197442442673,10.397207025672607,9.773655454581169,4.9109500279707605,1
-4.178659025533263,12.37482223086785,15.211408731456835,13.312331504948542,1.3872024599450477,1
4.666519477187171,4.4546371002277825,11.718114404420806,-1.4015126917623955,2.797406870324333,0
2.5949031088072805,-18.725112020300365,-4.739573015103359,-0.4834834266644532,0.7822122683856326,1
-3.8684423216453183,10.00003002112787,3.3230238692263114,-7.298955035456459,9.251439105378212,0
0.3446750219963049,-1.0953519705075696,-3.3558862717832634,14.095849047637234,3.296245081153544,1
2.3815863947006486,4.966848733165275,-3.4335995809240254,0.019818391930757212,7.58901954744557,0
2.614136107743819,17.68951370562182,-16.25580352284886,-4.987942894214774,20.973490901981506,0
-2.6073559615121655,4.7342802034517675,4.926533514347545,12.517415392829186,6.4348708697603545,1
-5.156858744831298,-17.311367543102303,7.2374508954022865,-5.358774084480881,10.412574762606138,1
-1.542529290449068,0.11436995610575942,15.293880852797173,-3.7291738755352473,-1.321927261698674,0
2.600304384844214,5.39747911598897,-7.304437144834637,-2.611753118812587,9.409581584931155,0
-0.6013990731132359,-8.497168287816539,7.180477139321178,4.246091017794285,5.992961414288819,0
2.3490284307282234,8.599880758231066,6.149013279731844,-3.07231837391807,7.244019904926159,0
4.987161778011845,-1.6523485082626137,4.14877807248068,-3.178089756453273,1.0421664383040947,0
1.407256210734257,-0.09930383608481572,-2.3130343202441,-9.657201037393992,3.968317525048543,0
-3.7384826749449767,13.246896455762423,-0.4367867143599695,-5.414861327940694,12.859630068438001,0
-4.818298718681128,9.534566576747547,-2.871388716734083,-2.581171416958191,10.87273779337382,0
1.4025578431543873,-11.255976385000464,13.832245369630678,-6.127464170784456,3.758937161948872,1
2.5681742435355073,-1.8085777868663362,6.1889361074164215,6.179357200698972,1.2388643975834526,1
1.161774311751832,-3.4062098491599695,-2.0834224343754433,10.227279514015022,6.010147313937253,1
-4.418791094324254,-1.3201567094628996,6.242494774041523,3.709725765409889,6.939571203670893,1
0.8802167068383508,6.103007894348651,8.719614846524538,-2.40057563177926,4.691981663098202,0
4.181722264156584,-3.5698710160940648,20.51108631685251,2.4758231508559874,2.2284726409057356,1
-7.109138914262168,-2.9757779833988645,12.448270090834257,4.978246838467718,6.512904798324262,1
3.5258105127031354,11.416282428476626,-9.472076627994092,-4.145943197165759,14.003219993902807,0
1.1535198628638446,5.151178744703896,6.210542045396004,-3.0318173937654476,4.860431129252925,0
6.934460502473092,0.568198852234822,16.627914239387167,-0.3620152983676921,-1.6052881188082662,0
4.695991824873284,5.0004011941566775,7.097595645842566,13.17799228776217,-1.3805945228178045,1
-0.911978524262267,-0.3081003537062187,11.661437831228723,5.080684892162928,5.047810687555295,1
-5.438641416547569,3.3768203529241996,8.832185844531818,-8.335155289183254,3.0041168646243643,0
-5.581884904094774,4.931317631426204,3.296133024820737,-7.910718496812631,5.964718424270865,0
-0.33171371563245244,-7.76457434759627,7.8020132349872915,6.925809268266496,0.5069464094956534,1
-4.5084788907478615,-5.177008606241719,4.5874980549932936,3.443297373504908,6.654730552429634,1
3.232991469959334,5.566104166950197,7.447754369548938,-5.6274520867165485,5.1826073917857425,0
-1.986402386708595,-1.0219514372388376,12.92562044037802,0.5955826339671273,-1.5181905267724654,0
1.2304925484142188,-9.15683738495373,0.3453487277473517,7.835500838368697,4.44726835617382,1
-2.662964118810991,-2.0461789763262943,10.925032073368444,3.4990949123162025,3.0663758849380622,1
-0.8135371072906884,1.9671478563745348,12.641338533160534,-5.726810547303327,1.0178793509231117,0
-0.43165281525751165,3.8114494878388125,6.174289207039178,-9.095852021817665,4.3070465296114175,0
9.306429870410742,1.5764901359300825,14.895376714494056,11.786384809448528,-5.145791143785152,1
3.2831280891217096,-6.364858917284842,2.541486153618855,3.642027040765578,5.475685633281264,1
3.9405855181229925,-0.9719887914470442,8.127556236206466,5.719297910295621,4.236627200810444,1
-0.5620304966047944,0.593317440958649,5.255567391213436,6.522206963318822,6.319434206755287,1
0.1393394471588824,10.742580676839177,-2.851246826185449,-3.518557738619472,11.9707344351467,0
3.0661739761720153,-5.729727141009063,10.079228381277455,0.40102629635899234,8.869528856818501,1
-0.28488528925206646,-0.9320167344447188,10.593497199569006,6.577827134395301,8.896204391884103,1
-11.201096300624707,-5.275749400992433,3.436936620193411,3.0922158011450414,9.39382162097896,1
1.1028565350364752,3.3856225811872993,9.813322235658907,9.970152122572607,5.509895924664775,1
-8.64754583437918,3.198440614584083,-0.16810664890260438,-2.206564649927523,5.975697501560443,0
3.512974418568495,-0.8157190390853901,15.83805527251849,4.6294332622712115,-2.0531028531264677,0
4.704160795585474,1.1302674990054846,6.585074252881455,9.720972993883333,6.056516975799825,1
3.425836035994252,10.454314376198495,7.793038133895754,-8.614524698272973,8.45209332852772,0
-1.0130030067337765,-1.8383246867354974,11.04029585419867,4.4797371311510386,15.01996868636324,1
7.597073418933814,3.390704893059608,-0.0236126036349886,-5.806219443535401,5.728691270982083,0
4.716239183286996,10.317273119442042,0.9211869478860886,-6.768784340742357,10.606506141366177,0
7.80164529243073,7.198581505985886,8.368488006681197,-4.973073770014566,5.8517701712428245,0
0.9730383811892498,-8.199457614836716,-6.505884900030765,10.399179798339146,3.673186852115245,1
1.9995527226114769,-1.6571044191136401,4.065317019587026,8.25453022749426,8.382171675457476,1
7.267844280678599,-1.5644580679142566,10.316195006581406,3.614809052448153,10.769916684718515,1
1.332578758994627,-11.56577834299611,-3.0176767221155525,3.8923253815782917,8.756426889724079,1
4.925488205029075,-4.430765595975318,6.012935632061236,7.488861099233322,4.632001832727496,1
1.2281806943248943,-9.42250216092837,-4.625318475111187,2.7182917921654566,12.878838575216864,1
7.252836750149704,15.474956009717541,1.5554569565520144,-6.359086752952818,13.551813092343366,0
5.611104627667354,0.26209821962604973,11.178048226148608,0.9579167875166812,-0.15772865213812978,0
10.527246196663631,-1.452963475346098,11.823924213478595,6.216605894264564,-2.566782604630265,1
-4.957763342103168,5.422406399339156,9.10089582522448,-7.610531014753976,4.482315877906428,0
-8.0789245821002,6.522754845689387,6.5809208661121446,-0.41223072804014593,6.025348298919279,0
-0.37439767175642763,-2.289890629255094,8.532787070324341,-3.3246712444972197,-0.8637283513310794,0
-0.5102099038711783,-16.198481637984756,8.79004166847335,-5.839267404894535,6.020808869823151,1
-11.177511065466526,2.5701307113768608,5.398173845189427,-1.6519104463888339,3.323150836225853,0
-1.1060021412608032,6.351759725096757,4.007804633201796,-3.1634221687801616,6.4348053136583605,0
-0.6455669744252855,5.654482133680229,6.8800332654500185,-5.744563184947015,5.378498241521491,0
3.7376489950975813,-1.4049281123057762,10.35667973064376,-0.9881236879957471,-1.1205592993412876,0
7.4907396783032265,0.8230544195052898,11.466486658713471,-2.5985211602263005,0.39515742030217194,0
-3.3493426299289726,3.1404044790554724,2.965980418765005,-1.2127507922842915,4.393492431763334,0
-1.2784497675792355,1.607721182570427,4.301188226308098,12.32884298319207,7.771428370566752,1
0.7457634994788549,5.823404854023266,-6.42205408911728,-4.98807633849173,9.481014112210207,0
2.6207295818142478,-8.808410708998025,1.010629219369781,3.4649816059970058,5.3737279495184005,1
1.0236841827640326,-8.013862936013364,5.027810642945909,0.9152915247894023,7.122927899293648,1
-3.968396175760462,11.943543122645707,6.0940276994535525,-4.601959017562602,9.954883559201829,0
-11.746283092757672,-4.939949269142013,3.1460406874364573,2.038076719661626,8.799950791251902,1
6.4584996305276885,-4.935734456884119,3.77379830210696,5.563030751892564,6.149634008439973,1
-0.4485942521535227,0.44971405445601365,4.896366193479846,15.464575040257763,-5.630455608514779,1
-3.722748977057049,-5.241305283685348,1.8983996960340028,2.2588022367187772,5.213321898442246,1
1.6377246002634145,3.5509306871249176,7.672219443721562,-4.530897581567286,3.4057026423974075,0
0.866257743754525,9.359130340304326,3.8049852248697102,-4.133846828345264,8.629074562396319,0
0.04010050461852745,-7.865190593150024,8.641690378825537,-0.7402809916070556,0.6062754363681645,1
-0.9011937565949003,2.2940285565739655,6.7896078357418785,-6.984274524864167,2.9341621186874263,0
3.322152381253964,2.620922907691649,4.6025214347461425,0.3108495120425365,3.5218602151239113,0
3.2572350028127106,0.9412557999058342,-3.722317533623451,10.682962170121366,12.017132658930134,1
-5.909850217190948,11.012259500346175,-8.825873421946476,-2.2285040257956186,13.835303852218395,0
-5.997162021038389,-5.794638121602037,-0.6229834645117465,2.71867422667286,9.743028823599364,1
-4.083990155272929,-8.14865400687188,4.109187560450796,3.586406119845421,4.349000774055339,1
2.8613002572073194,4.509199649918031,8.99272957536727,-6.668068557286579,3.669800277646317,0
1.6388446151096319,7.815677048674299,2.8127376501274046,-11.801811406122532,8.313920016609869,0
5.064673159422728,-5.806657332128502,11.314133983963421,3.8030386086739516,3.78017841181655,1
3.700937685380513,-3.421790725784572,6.9143506334882705,5.035469773127213,8.023060290383048,1
8.899352957679028,5.505658416328042,7.057294471739452,-4.738825826978042,4.93924565997662,0
7.954201124052924,2.246586325583582,7.586022050236848,8.652673910570748,0.3523161735752196,1
0.8885568401275673,9.20986689681049,-4.740875058124419,-8.500200642601836,11.294140645859073,0
9.887882905366652,-4.178785108191222,12.857657900593026,1.3734057974759761,-1.1088713091612417,1
2.286838815674707,5.488388212016192,1.9052080114734364,-5.140873969868696,6.53186876092089,0
-2.7603953039699687,3.224439323844313,-0.4539914694009932,-3.3901308445489526,5.7790159177922,0
3.485030029291126,-0.9651994215295006,-2.3714206655297936,13.586308678576032,6.193647360990633,1
6.143690935181208,9.922794736620745,1.0482646706670413,-2.7816030253438404,9.85219736154261,0
8.972044052705847,-1.2649967423976611,11.687103746421046,6.8865037234953475,3.8794869445392504,1
-1.3403977771377962,4.285036499624335,3.9899854476201506,12.075857428055368,5.060413400563494,1
-2.0764690601087956,9.373841746931973,7.636657095712707,-7.195157005306414,7.647189153709707,0
1.2874413421594446,0.6899426875487753,14.082970981974828,-2.8705570131495435,-0.4406240823130263,0
3.474592211350978,4.003998613856966,6.231765921597376,-4.00408864193397,4.106075240916834,0
7.850385852648042,-7.087042120227266,3.418124723054456,4.835167216696232,3.316333586871583,1
-0.2286133132682487,1.8880820123904112,10.323249941341853,7.8594085289394,5.235455810660637,1
2.066183844885466,-12.801911792915181,4.29703781170606,-3.0983975246791946,6.471994466678374,1
9.861623680276992,8.799710695302803,2.7017206167910377,-6.276737116139696,8.492267604441786,0
-5.07885757029745,-9.672715867498509,2.2718325738833958,2.4598476244918217,2.0369702110509853,1
5.07580882689748,8.700953973509568,7.1637058317304545,-9.53815238877558,7.508658570681918,0
-0.15346703033840045,-1.8630197206177295,11.136525146744747,2.4303591876061543,-1.690578836378704,0
1.1591170713554457,7.01712511526209,6.244486888704676,-6.286716005680003,6.414085622999636,0
-0.7826951063805098,-5.6447441475764375,9.518984161136908,2.746767358435585,2.8005586757869727,1
0.9861794549861751,0.14480440178607681,15.066038898076062,1.2671448790276658,-1.4805395154001282,0
6.756304964814561,0.7351516388426644,3.5629058580661184,7.428795808816463,3.4514934941667894,1
-4.829359993324328,9.309987308431825,0.47287492219400495,-6.748622782032916,9.968290270699962,0
5.661792310330914,-8.58131322320242,3.6003941732512095,5.685891349836824,7.648113477271222,1
-4.3504574649130126,0.2888123304210395,0.5364924587976012,11.69454180750434,9.418741213579839,1
-0.6738907319161124,-3.923789184521183,11.820052347281838,-1.7934279789661278,-3.2991683544111976,0
-6.077138304601116,11.149539810462102,1.3841776966438546,-4.056227013864387,10.808087371764048,0
-0.6300840056416445,11.665791945489332,-8.76000163733546,-6.8506506500233,14.098871587711585,0
-5.2668613699366755,9.883346451617268,-1.3932802672615057,-7.471083625034969,10.785591466706961,0
0.5201563554686617,-2.568603518847305,-5.113102810087837,7.661839053397833,11.524798613771877,1
5.684131530292637,-13.676784960379544,7.6460347402476225,-1.9477710439375944,5.207642175487584,1
-2.622799041415573,-0.5058844049645566,5.36572145588759,0.3655433141694804,1.403270128586442,0
-5.955074335967408,6.894422215311971,8.045168034402428,-3.402878233361644,5.825169218351971,0
3.181841219862835,1.7601457760240469,9.227410382211648,-4.871237951024775,1.6577798917444786,0
11.861798739708934,1.8011625374539237,20.82549931967471,-2.060411360951014,-1.8484779259085187,0
3.897423561730917,9.973647800614929,7.795014865633435,18.125169697453178,1.3236872428220576,1
-1.1366403529420497,-5.961291670401492,11.969728091105038,6.46119586076268,-0.5362968367286141,1
3.702506012066747,3.230168126526429,6.795634801674062,-2.7637364270163607,3.4031069689825904,0
-0.3782703366854656,7.221367758872712,-2.1395920480270663,-1.3391575971348868,9.055688824814546,0
10.58568322817731,-10.541191063622241,7.74137062303846,-3.2836140962219966,-1.5307747410197776,1
-4.038586164721188,-6.31304155315876,-7.988797743087515,10.721267878693668,7.248369311060232,1
-1.7211960045165613,3.8562993527266203,10.96323748376468,9.357931476405515,8.310320063328314,1
-1.150609553314297,-6.123170760810657,-2.742566671377476,7.740957208694854,7.769184019964008,1
-0.2728250515595035,0.32940564468867795,4.021284635639011,1.063257619990618,2.071505893532721,0
-1.6340604999290949,-1.252488556412232,13.913991926253669,3.6807935024287213,4.893430258961706,0
2.931773947830694,6.332731614540437,3.0292445158213233,-3.19915253833063,6.814117933619905,0
4.090188426546212,6.461591099810311,6.02112100103855,-2.561760469829178,6.205640079262411,0
-1.5026893747307528,11.090605818308958,3.6441818595904136,-7.22812737466259,10.031420329407148,0
-6.990253497718103,4.012974983003924,7.973888700726719,-1.8367099421403033,3.667205159759343,0
2.7418503601470445,-11.33238856613185,9.746760140750784,-6.978938988184565,10.22629783584913,1
0.4313995158685635,7.410588130040705,8.58351993060899,11.38373842330248,2.3460208215214546,1
8.545107141516526,9.606076975756409,-3.31627806716493,-0.4668321974206101,11.018537202672427,0
13.219287541123828,-2.2336626892157248,14.022154454364168,-2.3604015461539185,-2.6678080500690187,0
8.223650724211511,8.928705389707483,1.3008466693190295,-3.7210247563441925,9.265573074250616,0
0.4890274624987731,-0.9821706525164902,14.22422652305549,0.09943898750466265,-1.9060381393669728,0
-6.6625614981635986,-11.057470991469362,10.277087911110652,-0.3755553826515672,-0.9868904347977474,1
0.5986399548504802,5.8997218157507945,5.113823914199821,0.0182987991979984,5.708891853736744,0
-11.32479256803575,-5.248176249645854,5.552579213664256,6.510557791202508,10.663188488667094,1
3.696380350907183,4.091633118891888,9.937034840202166,-4.825738409311061,3.2686270277786096,0
8.316565523105,3.460672062352013,0.631121243864174,-2.688188792955562,5.497997724277917,0
-0.9548646398130832,12.152692071164001,-1.2570898723612784,-11.373977873620447,12.503689092792714,0
12.622102638983389,5.204143149463297,4.288707181061639,-6.82180269234218,5.6353597860813744,0
1.3529425904640016,-7.165454875959609,11.998527825218797,1.799599643045176,2.672417387611499,1
3.402293813272375,1.1959184821976727,7.355882836196539,-7.368106376071378,2.0385782729690898,0
3.104729565526382,-2.6016565652788777,-0.1349148963751294,12.009433866171628,3.3608090604915657,1
-4.546161754856223,2.7723523122190152,8.430192371315483,-4.4994127757673725,2.7114448435188123,0
-5.823829750555873,3.450845346216624,3.6099302805954587,-4.494926988084103,4.326999265937155,0
4.445705865351519,4.335721837252968,4.531084550472473,-1.154927744258236,4.886372484298359,0
2.0465862000623565,1.5044356374211936,11.15812307784447,-0.3795185143350548,0.7973545294442193,0
-2.812452383533528,1.639701691224435,2.995994558887993,11.435201457423803,6.739594226036612,1
-0.2998722053238162,14.680169778286125,-9.361621357318784,-7.953700924497795,16.546728911348076,0
-1.468940451997192,0.6110828459725544,-0.69051719344621,13.766909238960016,1.7482677376596683,1
3.9410170009764522,-12.31037017331184,4.226738172405386,3.3466918823210454,2.065727505345534,1
-2.9095247174897287,-0.6290152128840569,6.4563879668828505,-2.5641310372196893,0.9842153495883789,0
5.31012160072719,7.022500394288045,4.210427785556493,-7.243465181866739,6.9550863374649285,0
-6.377918594370405,13.3581393363957,-3.1330095199603143,-9.243897696419513,13.760863014296259,0
-3.9526910053498696,10.367565656276735,-2.048430440441957,-5.4472753168042845,11.192606449389968,0
8.47658777554481,-1.090215065789562,10.745953948635073,-1.0414743916895113,-0.8348823538981947,0
3.9427076294430536,0.7961707075128722,8.678967544957924,-5.5993824914364785,1.131155528334405,0
-4.613012243994488,6.948554026090573,4.248421601588666,-5.414784392503341,7.046946194923736,0
1.74938091276555,9.624201919362632,3.901510989568491,-7.563281401093239,8.874204586717887,0
1.1274634850770846,-3.253865684521577,17.672363368873942,2.1832115662196423,-4.446744904813158,0
-3.9244016609900574,11.12889059675717,2.96638214198408,-6.328017827384148,10.336979593308904,0
-0.731152217428521,-3.7693471001661,4.675634814238018,5.101342798509424,4.159384195408361,1
-3.3431386109920287,1.9668824284030224,6.149041415277248,-4.519535925392243,2.9382274608071572,0
6.91073728534627,13.975861410220315,-5.054002418043975,-12.931611775227186,15.171629960084749,0
-5.622444820022965,0.02831733620733648,17.15330687929693,3.1991996294344367,0.036254363537604056,1
2.8742128157619744,5.863399954666216,11.999319134419235,12.489542742694631,-0.3107907440904172,1
3.755353835124809,-9.553697766964744,-3.348553921607029,3.146409461728556,4.0606572615761785,1
-3.2573460005833477,9.9245456323562,-4.64444223033617,-6.3573226326969845,11.877116283578635,0
-5.516602351212856,3.512457388918733,7.381295545286451,-4.802952533144281,3.6301774448709807,0
-1.3078155793446662,-10.548446687726674,1.6435135199186153,4.855551565184272,4.6205146280680385,1
-2.6077785619380274,-3.2050345939334273,4.230035876838968,6.793788829301803,6.760063463633638,1
6.486915012841461,1.3179561784418974,13.177747419451855,-1.6279857852072728,0.2298477921567317,0
4.720607421896021,1.85733668260406,6.746727575898119,9.711761267770754,7.787057289618366,1
2.636597059448396,2.4759822736849078,5.3540683838835825,-0.10963025139653845,3.2955804893933816,0
-1.1921346257082672,10.706701023680319,-1.4457074077008407,-7.134512608485126,11.02036827657084,0
-4.98749580705233,6.776842075439367,2.674711491175923,-5.232089746998283,7.174826502450642,0
4.003753115250716,5.756144816985525,4.527175482285497,-5.802889538210813,6.082917911030075,0
-5.538782105226,8.310582899457675,-0.877285010498428,-2.01711396270074,9.446338902850346,0
-2.7971665430616444,1.714084930908994,12.254082860246028,-5.94743583173197,0.5882163443158329,0
-1.7434101721113553,-0.8110925358043646,7.741603612313813,-2.4864773254129395,0.2138749531842428,0
0.3701334712247333,-5.367898304131192,16.55429955967382,-0.4225335459113504,-5.700802583407687,0
-3.229554597441458,2.733618213193876,2.270248644555301,-3.365432742112517,4.32254088593078,0
6.026505210667282,3.1925056673405767,0.09701416848604885,17.428912017881974,-0.26820650423625514,1
-3.337359135115639,-4.733886670559325,4.964169827649226,6.331574968088497,5.88860844618549,1
-8.239692879196824,11.346112680508423,-0.7752270736923532,-0.09359997578885879,11.415032709176794,0
0.6655801380978782,5.469128893669558,1.3148680950333596,-6.386415609578007,6.6834823444191365,0
4.080085296721971,-7.346432331768793,5.515591609772823,3.126705407645038,7.83979415065918,1
0.4079317653405644,4.7428135245249186,2.7184221579800294,-3.166840116839737,5.860657230038054,0
3.6470034973800614,-13.177503698261843,2.707751828310543,-1.8553851108667279,5.536677105840566,1
-0.7890080455525146,9.298016850616929,6.0489200598087045,-6.559284931115357,7.844565177106041,0
2.706451288059571,3.493677725937123,8.712088744417334,-5.039137362160645,3.1483416231723997,0
-8.25979847614329,-1.5252695881475864,10.335198939518664,3.8692390697842938,1.7437913885508294,1
10.160135751429074,13.91699277823572,-1.772844776902534,-7.367317913667167,13.929874582294184,0
-4.080157478165355,8.62341724189945,3.126307738733925,-4.43496766526022,8.61099594583172,0
-7.34801284865259,9.845968345763067,-0.1439233430227098,-7.129109125752717,10.31110659076585,0
7.574546111341603,0.48537642542866477,3.164378114167548,10.250369175738392,6.401351761080575,1
-5.209285569012794,0.677287553657477,2.9415802741412937,-0.6916152201105157,2.9038390919339157,0
-7.780320690075682,-4.277274248178083,9.021835042728913,7.960227490011915,4.062070073824835,1
-8.26000607025575,-7.033316906726073,5.797512799269887,3.440779984021824,2.228676327600016,1
1.5185698456063845,7.587996865587765,-2.895547611412323,-4.427678859982073,9.689853827054494,0
3.3123882118948718,4.914269376879687,7.750688539830661,-6.587585285512172,4.356513830909419,0
-0.32441479800502826,0.8872458372415366,7.388117718219627,9.508671262767384,6.912499339161837,1
-7.087697186080634,8.199136715020162,-3.4042047896273027,-3.816138362496992,10.02953073936473,0
-6.278775075102253,-4.539629344049339,13.493659200197675,-2.7671469303545666,11.671276010057172,1
1.6613294324271872,-11.144667312229043,7.34522574570348,0.8904660399201432,7.889734469508797,1
-0.30223174229295924,2.5457447255392367,12.545942534592129,-5.831958024050619,1.077441862679033,0
-1.9794926351410802,-12.211157065063617,4.571592602602835,-0.7220211333346087,5.845500607791815,1
-4.555772764393373,-0.41911361678880144,12.641411627087653,4.2130665138546615,6.790902470244234,1
3.1072336836300196,1.7733008962064434,12.45216869833343,-3.7642105859137898,0.5426860802018353,0
-0.7029998131690411,1.5253436176454311,14.368373946918844,6.221295377160897,1.8465640822762457,1
-1.213451950665501,-3.472780954838438,2.8405623822151433,8.890975315798457,8.35296705811486,1
3.6702949107796066,8.796576117828756,-1.3308824874837404,-7.723502231068956,10.23944621274319,0
10.246271561702262,1.2859566992675115,-2.9744122680561462,13.618407333292094,2.395304085744559,1
2.749397026921421,3.412246331374717,8.782261928591563,7.312805852040308,4.992261541455071,1
-2.2936861617059363,8.560924247732164,1.313115644489264,-7.201053922077927,9.15496578909018,0
-2.219440777986649,8.598715324557164,5.284500141881839,-8.572582929194363,7.856029005102507,0
-5.004209119273356,16.305766525654985,-2.837512305124535,-8.215032961988108,16.027291409257003,0
0.5535493801538817,1.5784563050825269,11.26368152397359,8.786760678895895,2.762411132269172,1
-0.42281385353763884,2.620196369353025,2.86101021676574,-7.071063333187819,4.536872524660164,0
-0.49211052974050623,-11.862714214522732,-3.857892359882234,3.9450553444422685,12.309660177346004,1
-1.5399118143080803,3.27144933383184,0.4196807823713451,-8.031466554005672,5.42523577119725,0
1.4908038212778485,13.705908498413974,2.944738819526196,-10.492663362790616,12.184738051256744,0
2.99955021289432,16.63390700244118,-4.4227390652325,-7.95458227113511,16.44586678020677,1
1.9899668128099868,3.5651443156440976,11.314505519821411,-1.698017820904008,2.2719905212166047,0
3.1123364623357515,-6.566853838609864,4.8363697924132385,-0.4300838308915238,10.872288147025383,1
-0.023549993208828793,0.785460855011882,10.118757778517049,-1.5440441242915641,0.7572619958552391,0
-6.095548250299285,-13.26253829494272,3.998005970835165,0.21551911215967293,5.162065826540752,1
-1.7676278453764533,-3.433488342117247,0.1750522242795123,8.906282363334178,8.509199690902845,1
5.230644593729991,11.047714813159873,8.259043751301293,-8.25626658572425,8.520687595761062,0
-3.2391775860721546,-5.5498685153150005,-0.9475069464133739,4.86566466319574,7.4606635320949275,1
3.135630919625985,0.4588186480140317,9.754161019750194,-2.3865042909378458,0.39492353561737925,0
3.3911709860543695,17.904489749046576,4.611985060497081,-8.38791005668167,14.599620907938277,0
2.0236770483112805,-8.863086241357966,5.2584999612087415,6.354543374873465,7.763731197793139,1
-0.9100661290356999,-3.215981099713891,5.546542815185712,8.770504933506377,-0.707850713139349,1
1.9519424957509806,-1.9844522545800325,18.01392126196601,2.667708582149463,2.365281464951841,1
-0.6076688266123516,1.5145360828880845,13.993602351983652,-6.6662268434056315,0.16344031737091272,0
6.9573479343044955,-0.43191932315332293,11.359896603719585,-3.3132468445388774,-0.3412704711115593,0
-4.5527274836720535,-6.550570748267979,3.273283923965477,-0.5728800706100605,7.460995760109807,1
3.2260830021988407,-2.6225453584837615,12.605769506568814,2.5227650732016764,7.046546580984401,1
-0.05156776621846826,-8.261681581782696,6.81374692087942,0.96040342491592,6.9431950527216735,1
-0.36796549673927637,1.03738000341925,9.093301681368327,0.8548777202179876,0.983542485230215,0
-4.522347365498025,8.65079550787661,5.423107224575434,-3.2978135689604056,7.718034658797607,0
-5.620725850777512,5.025196444553819,12.698858615837722,-0.9996626351095554,2.926963420766797,0
11.733380805029839,3.9852478372251685,8.270898510241606,-3.517516797220493,3.610990967658913,0
3.287672907664891,-15.138078785202655,5.263059465576607,-0.34344451030368583,5.317054398277355,1
3.5287289035467735,7.294152046537392,7.347422619636566,-5.262942916789868,6.091429775369476,0
5.3108685792937225,-1.207937100337874,3.5612806968745954,6.178908158506213,7.576285669333477,1
-0.0613786337744323,3.118031318773438,7.465749560622107,12.36065668961755,5.687796261930832,1
10.040549902335902,-6.965450126300858,7.3613541126772875,9.10888615000262,0.15670939950364574,1
-5.460440526922095,2.143456366330228,4.86066114404244,-5.65841088009063,3.3791107204080513,0
0.13501999965457234,-10.51023613419327,6.588781746505337,0.6886082623506363,11.872207356158688,1
-0.8218586157756326,-5.774514055557511,8.41383553870725,1.4095200249943018,4.3854668798672405,1
-8.37793335811941,6.229560610678,9.217969100173361,-2.0025178540214967,4.684288873236443,0
-1.438112482411174,4.648690750410834,0.0660103029335575,-2.1912133333908015,6.524775674473996,0
-6.409665328262979,10.680077789125663,0.5502528543417113,-4.605870134491195,10.783043064344174,0
6.298614478442075,-0.1899684389584487,2.3494680877627645,10.28598649825952,8.566585963588748,1
-3.8655838994585148,-7.410569106237869,4.710183857062597,6.003446466852847,2.414744013647032,1
0.019060682574431054,6.957066857616725,3.332834270792705,20.199926797039105,4.824883891372819,1
-2.8458029393839643,10.3447719310182,5.066082145841577,-6.552296960635456,9.286674556343018,0
2.8941265925153568,-2.5878911959121704,15.050817128504839,0.8836080499262279,4.594881397145728,1
-11.208110430279241,4.845544936278557,7.332159811856398,-5.801776841085564,4.565782204966469,0
2.4884716501535213,1.3148834339238986,7.721691562598824,-4.728883648649365,1.7441969417387249,0
-3.340775532854594,2.0409917844561916,8.787412077702964,11.476605823820034,5.258101800362063,1
-3.4895993214686127,0.17229198547881144,4.700607000551862,11.528724854314289,4.132341603223944,1
8.992228597549092,8.496723544504638,2.612531191480725,-4.384131177030107,8.670238611491216,0
9.555850724974142,-8.046420316060843,3.9303703276465365,2.8003613585216107,2.480395271014838,1
0.0813816476145042,-5.273930205634938,15.60763948359454,2.972180557198575,5.644707015043819,1
0.1004355861454112,-8.174300429121459,5.35196388682699,0.49113798215524707,5.88657638640541,1
1.6975814764012584,-0.5186375692099453,0.5338689994153596,11.180886461653728,0.19644349625654492,1
10.774113530906614,3.4795431876815024,1.0123544086623388,15.445595671639873,4.715456491197248,1
1.3623144302347137,4.0189070888190095,15.34698663820669,-3.8300792084108077,1.4649142353653404,0
-11.048993760561745,6.1393090435039035,6.877815724057234,-4.1854725387671605,5.645072328538569,0
-1.7990743806709908,2.0805016298189476,4.236596839398538,2.6764315780043675,3.2547783079247603,0
-2.8425472431632803,-6.241383258130764,-4.693543735788418,8.29619572393415,7.4130510516761525,1
3.821249382223427,0.10144372968396057,15.579119632319,-1.554606822308242,-1.391777840140627,0
1.9902392648216378,-7.220760333080482,9.372007410833882,3.528451746207401,5.19728936647573,1
-8.290943103541673,-5.111210732223541,6.46137093897576,3.4321864671068916,10.108485605925937,1
0.9312582661982854,8.293465366713212,9.02790217628211,-5.633602343303975,6.372848445234175,0
2.3200141968431405,-1.9383254787607846,2.8418560467022673,8.350827460816216,3.374928353512576,1
6.0781067408889005,3.285432614443082,2.706751470210691,11.507890771701694,8.777088130930775,1
-12.098861671628004,14.166002691142465,-7.091324679528929,-9.390503738551821,15.653934550915787,0
-5.917825243738923,3.3998920821933725,18.29738274410284,0.17175714966953762,-0.20123416277837244,0
-10.085499094126893,3.4914239501183753,5.840487302750947,-7.240848063182055,4.314635752157695,0
-3.8486647313552846,-0.1892166287497242,7.002084571802812,6.2906837418255,9.29215114527345,1
3.561683943659961,3.7623901462190164,-2.3097649297565543,-2.8912790906794545,6.7133890346074505,0
-0.41752750271519434,0.6345322076900518,7.693044351706114,-4.600825869582128,1.343262921245794,0
-1.6513371345683114,6.011106245798921,-1.1729263807351202,-3.1041957859294182,7.81186176551674,0
10.126409822864854,2.0733935150552747,7.182660689702091,11.363053456732095,2.8477548230843657,1
7.581415950252682,-2.684279627303616,4.205921601045641,12.279249789592425,-2.7586335217300344,1
2.3438898299838984,-12.578921135501005,10.269482179279896,-4.536634499959156,0.34390942151528225,1
3.066355520000103,-4.829988653279947,13.983555628817177,-2.1256977679009608,5.9307418040494255,1
-3.142927499840183,-5.986506213190925,5.265003158834398,4.326166651886049,0.9705831572236968,1
10.082685651129868,-9.98861983928115,10.67527570426773,-3.9179512384459154,8.883420473064218,1
-5.651267847569658,-5.63777495879706,9.059519769423138,1.8874440779194717,7.087883530950424,1
1.9757853178022295,-4.468041522191941,7.063273033602798,4.437510683441451,5.278693829565047,1
0.9480258487346525,13.474786407154618,6.054190247434773,-9.900038929412148,11.100421107223307,0
4.683390856961247,-12.21308751631506,-2.114240570096611,3.0569106307199,5.083001175708218,1
-1.344880599486219,11.700213249195802,-0.13887814685040675,-7.851647728875399,11.672054393283704,0
3.5455470622716123,3.691508898031817,14.69091064487542,-6.085703442936761,1.4405907279903862,0
8.84916484553383,-1.4079019512087547,20.85273370146488,0.24541438932854612,5.955882287888428,1
-9.125954033872189,0.20563609797548302,5.86241077966144,6.247480448973156,6.699482941339738,1
0.018614544878870973,-15.25541209658951,7.604625721061728,-4.37242139704049,8.922267336088703,1
4.035557523081593,-5.84571502156482,2.3500289887499393,9.758854579295814,11.706465880444263,1
0.3497231013487633,-10.283928654368914,-1.2272790683658523,6.1243869744569785,1.805728297494798,1
-1.061490667387229,1.0448239623988838,16.15568228996145,-8.798228019816223,-0.8812889328243805,0
-3.9933868889157402,-9.102233601151921,9.26983666043714,0.687327059240614,10.203764641297637,1
3.669524864013879,2.1642839181098594,10.151877449619926,-1.9864418396120658,1.685718187604341,0
1.0018948703598183,-2.5577707826406955,5.30431037466335,5.891053843107014,6.897683212628842,1
2.0051488670035362,6.032048780045453,-5.160129769605042,-7.621988210269284,9.138033465420348,0
4.149577974294664,5.914674883941742,9.80226345219062,-5.582627695807125,4.429913439885106,0
-4.41523198173287,-1.0102588364105196,2.692715457704597,2.4360215262122815,1.584777683237505,0
5.290626839750607,4.587921630931604,4.607114320664523,10.161200480886087,4.496489001782361,1
-1.7004485110969703,0.583202887070325,13.39202942469946,7.542531735885972,6.811402136283124,1
5.283667926766963,-0.5869787291915634,0.716128058359224,6.966430859811345,4.273566836050799,1
1.7883804569577688,3.2570931089103827,8.188322016208682,-1.114809685307073,3.080662244102283,0
1.2916059451891893,11.03841256439836,1.7665427741266226,-7.936839801380902,10.725803091923735,0
0.6821978251975525,13.471119868375363,4.645947458610121,-9.469971682682578,11.705335220257332,0
-2.9601950466781686,-3.1405142762325844,7.567563865069657,4.6984691693183525,4.66328470726295,1
-0.11311903196706198,17.35247049171726,-9.403852431618713,-8.788530409237392,18.270178814822756,0
1.711650479381358,12.354099303317273,3.6595372978312963,-2.5721942391860515,10.774312121367768,0
10.217144361091519,-1.2365992540564512,4.985774829089719,10.59987936969735,1.353065379742631,1
-0.48445454649821595,-7.394369462684929,3.498042728789991,5.348743158094655,4.906592295831424,1
3.5735608832995225,-7.326442620818758,10.295943942657784,-0.24493123141970316,7.782861353447714,1
4.073182822166903,5.852714983102441,-5.638093655161745,-6.21642515008436,9.235058637363935,0
6.692580314088095,-7.904167403071421,2.9550570085897765,3.9826859891613835,5.270057803827223,1
-1.2926440251646332,-3.0358198814151964,9.19053256703529,5.168262376930739,4.848144954377354,1
5.394556070023301,11.01641807027341,-12.274889600786139,-4.60787759399379,14.794379216257564,0
-5.61535710953034,2.955063831872051,24.342183999217767,-5.830777535561906,-2.030883513086405,0
2.124782603484985,-1.9401533935636466,7.701743841356599,7.9497856004770195,5.841645895258849,1
-4.7411498785356505,-5.591530227899636,3.6855713702069854,5.012959560541765,-0.15635905339066378,1
2.275393654619749,-8.471925170871886,0.911734740012849,5.2213868124540035,3.555001705407844,1
5.810848904011378,-5.93909606581845,4.181972512821803,5.872154124478438,2.73445588976939,1
-0.6965520161063744,3.421999824017872,6.937463931449949,-5.10603548281228,3.7956476626132902,0
-5.390711602120027,10.33104496753989,-2.5460436187703688,-6.6937700869548,11.493521569990692,0
1.4792866139480494,-2.138640919297608,5.5376662525497125,10.537464017261444,4.624510495487803,1
-1.9784412891223653,10.413607366975883,-0.3082217118831925,-5.553386775341467,10.959367978391859,0
0.8550289084264748,0.11829026157002057,17.059986902599316,-8.008875847252996,-1.5487831302253414,0
2.140990453511042,-9.281135675202478,6.2097304158633815,1.7786037217116775,7.416544561638644,1
4.589987271258734,-8.236001480365275,-1.8786949504566937,10.509173936120657,-2.0065791930719974,1
-0.19403894341512087,-10.770835832510588,10.729709157739366,-2.314843913712042,8.73253172875576,1
-3.0600062580080634,5.883899134753632,1.9051917285201374,-5.129199889221253,6.676779845681271,0
-5.052836212770709,8.682440744483968,-0.5503419667247615,-2.1099478103842078,9.316580859551708,1
5.173460185180833,4.182453227213331,-4.224761372169806,-2.9027363595459903,7.494985282754827,0
15.37667324245604,4.267457162892297,7.6389662839611105,-6.206374351256436,3.7442952575428694,0
-6.9498400156452,1.1689734454764262,6.802309216797154,5.06924531727694,10.246818539639595,1
-5.24598600505902,0.3289464163975887,8.421131222775518,6.4342369906582055,5.244011057912004,1
-6.940165109472277,3.26249071400089,-0.24828737545824084,-3.8716915912623846,5.63609208737431,0
6.474097520052847,9.69661227624681,-0.5673444340808635,-6.892917966385184,10.308712174012706,0
-1.8792652398643306,-11.511190252029051,13.117959215277883,-3.692273244005098,6.56237087359158,1
6.696190561176571,15.320526482088939,-3.046062208851206,-7.234879210199271,14.987326544689683,0
-7.445453869689333,9.75334700493028,1.8472006327803654,-4.438101495008079,9.690065431149284,0
-2.269600183632583,10.747596369978288,-0.959237243385596,-1.9831086784531498,11.173418554195859,0
0.34392731327884574,-3.240315933157645,8.545334650962493,5.51686634482661,9.722951618191368,1
-2.248261572127941,-4.619586439237049,3.248759514416262,9.114542932689462,4.370790315891068,1
7.882329657602293,1.9425590591078101,13.304597070713246,-2.682707095622548,0.6234439594291181,0
14.421812293771294,-10.688890826816856,5.242770807546102,-2.9547943542424964,11.689658298855614,1
5.56645912145035,-4.118761813303171,3.670333159090498,7.948329375687444,10.940143584897928,1
0.8616326667683603,-10.222439775159621,11.606532648389381,-0.38855657320504156,4.041448202182497,1
